<?xml version="1.0" encoding="UTF-8"?>
<beans xmlns="http://www.springframework.org/schema/beans"
	xmlns:xsi="http://www.w3.org/2001/XMLSchema-instance" xmlns:camel="http://camel.apache.org/schema/spring"
	xmlns:jdbc="http://www.springframework.org/schema/jdbc"
	xmlns:spring-security="http://www.springframework.org/schema/security"
	xmlns:context="http://www.springframework.org/schema/context"
	xmlns:cxf="http://camel.apache.org/schema/cxf" xmlns:broker="http://activemq.apache.org/schema/core"
	xmlns:aop="http://www.springframework.org/schema/aop" xmlns:p="http://www.springframework.org/schema/p"
	xmlns:task="http://www.springframework.org/schema/task" xmlns:cache="http://www.springframework.org/schema/cache"
	xmlns:util="http://www.springframework.org/schema/util" xmlns:tx="http://www.springframework.org/schema/tx"
	xsi:schemaLocation="
       http://www.springframework.org/schema/beans
       http://www.springframework.org/schema/beans/spring-beans.xsd
       http://www.springframework.org/schema/jdbc
       http://www.springframework.org/schema/jdbc/spring-jdbc.xsd
       http://www.springframework.org/schema/tx       
       http://www.springframework.org/schema/tx/spring-tx-3.0.xsd
       http://www.springframework.org/schema/context
       http://www.springframework.org/schema/context/spring-context.xsd
	   http://www.springframework.org/schema/aop
	   http://www.springframework.org/schema/aop/spring-aop-3.1.xsd
       http://www.springframework.org/schema/cache
       http://www.springframework.org/schema/cache/spring-cache-3.1.xsd
       http://www.springframework.org/schema/util http://www.springframework.org/schema/util/spring-util-3.1.xsd">

	<!-- 邮件发送模板 -->
	<bean id="emailTemplate" class="org.springframework.mail.javamail.JavaMailSenderImpl">
		<property name="defaultEncoding" value="utf-8" />
		<property name="host" value="${email.host}" />
		<property name="username" value="${email.username}" />
		<property name="password" value="${email.password}" />
		<property name="port" value="${email.port}" />
		<property name="protocol" value="${email.protocol}" />
		
		<property name="javaMailProperties">
			<props>
				<prop key="mail.transport.protocol">${email.protocol}</prop>
				<prop key="mail.smtp.timeout">20 * 1000</prop>  
				<prop key="mail.smtp.auth">true</prop>
				<prop key="mail.smtp.quitwait">false</prop>
				<prop key="mail.smtp.socketFactory.class">javax.net.DefaultSocketFactory</prop>
				<prop key="mail.smtp.ssl">false</prop>
				<prop key="mail.smtp.socketFactory.fallback">false</prop>
				<prop key="mail.debug">true</prop>
			</props>
		</property>
	</bean>

</beans>