<?xml version="1.0" encoding="UTF-8"?>
<beans xmlns="http://www.springframework.org/schema/beans"
	xmlns:xsi="http://www.w3.org/2001/XMLSchema-instance" xmlns:camel="http://camel.apache.org/schema/spring"
	xmlns:jdbc="http://www.springframework.org/schema/jdbc"
	xmlns:mvc="http://www.springframework.org/schema/mvc"
	xmlns:spring-security="http://www.springframework.org/schema/security"
	xmlns:context="http://www.springframework.org/schema/context"
	xmlns:cxf="http://camel.apache.org/schema/cxf" xmlns:broker="http://activemq.apache.org/schema/core"
	xmlns:aop="http://www.springframework.org/schema/aop" xmlns:p="http://www.springframework.org/schema/p"
	xmlns:task="http://www.springframework.org/schema/task" xmlns:cache="http://www.springframework.org/schema/cache"
	xmlns:util="http://www.springframework.org/schema/util" xmlns:tx="http://www.springframework.org/schema/tx"
	xsi:schemaLocation="
       http://www.springframework.org/schema/beans
       http://www.springframework.org/schema/beans/spring-beans.xsd
       http://www.springframework.org/schema/jdbc
       http://www.springframework.org/schema/jdbc/spring-jdbc.xsd
       http://www.springframework.org/schema/tx       
       http://www.springframework.org/schema/tx/spring-tx-3.0.xsd
       http://www.springframework.org/schema/context
       http://www.springframework.org/schema/context/spring-context.xsd
	   http://www.springframework.org/schema/aop
	   http://www.springframework.org/schema/aop/spring-aop-3.1.xsd
	   http://www.springframework.org/schema/mvc  
       http://www.springframework.org/schema/mvc/spring-mvc-3.0.xsd
       http://www.springframework.org/schema/cache
       http://www.springframework.org/schema/cache/spring-cache-3.1.xsd
       http://www.springframework.org/schema/util http://www.springframework.org/schema/util/spring-util-3.1.xsd">

	<import resource="applicationContext-channel.xml"/>
	<context:property-placeholder location="classpath:conf/*.properties" />

	<context:component-scan base-package="com.dcf.iqunxing">
		<context:exclude-filter type="annotation" expression="org.springframework.stereotype.Controller"/>
		<context:exclude-filter type="annotation" expression="org.springframework.web.bind.annotation.ControllerAdvice"/>
	</context:component-scan>
	<aop:aspectj-autoproxy proxy-target-class="true"/>
	
	<bean id="dataSourceActual" class="com.alibaba.druid.pool.DruidDataSource"
		init-method="init" destroy-method="close">
		<!-- 基本属性 url、user、password -->
		<property name="url" value="${jdbc.url}" />
		<property name="username" value="${jdbc.username}" />
		<property name="password" value="${jdbc.password}" />

		<!-- 配置初始化大小、最小、最大 -->
		<property name="initialSize" value="5" />
		<property name="minIdle" value="5" />
		<property name="maxActive" value="50" />

		<!-- 配置获取连接等待超时的时间 -->
		<property name="maxWait" value="60000" />

		<!-- 配置间隔多久才进行一次检测，检测需要关闭的空闲连接，单位是毫秒 -->
		<property name="timeBetweenEvictionRunsMillis" value="60000" />

		<!-- 配置一个连接在池中最小生存的时间，单位是毫秒 -->
		<property name="minEvictableIdleTimeMillis" value="300000" />

		<property name="validationQuery" value="SELECT 'x'" />
		<property name="testWhileIdle" value="true" />
		<property name="testOnBorrow" value="false" />
		<property name="testOnReturn" value="false" />

		<!-- 配置监控统计拦截的filters -->
		<property name="filters" value="stat" />
	</bean>
    
    <bean id="dataSource" class="org.jdbcdslog.ConnectionPoolDataSourceProxy">
    	<property name="targetDSDirect" ref="dataSourceActual" />
	</bean>

	<!-- SqlSessionFactory -->
	<bean id="sqlSessionFactory" class="org.mybatis.spring.SqlSessionFactoryBean">
		<property name="dataSource" ref="dataSource" />
		<property name="mapperLocations" value="classpath:sqlmap/**/*.xml"></property>
	</bean>

	<bean id="sqlSession" class="org.mybatis.spring.SqlSessionTemplate">         
 		<constructor-arg index="0" ref="sqlSessionFactory" />   
 	</bean>
 	
	<!-- ScanMapperFiles -->
	<bean class="org.mybatis.spring.mapper.MapperScannerConfigurer">
		<property name="basePackage" value="com.dcf.iqunxing.message2.dao" />
	</bean>

	<bean id="transactionManager"
		class="org.springframework.jdbc.datasource.DataSourceTransactionManager">
		<property name="dataSource" ref="dataSource"></property>
	</bean>
	<!-- 声明使用注解式事务 -->
	<tx:annotation-driven transaction-manager="transactionManager" />


	<!-- 缓存配置 -->
	<bean name="memcachedCache" class="com.dcf.iqunxing.message2.util.cache.MemcachedCache"
		lazy-init="true">
		<property name="memcachedClients">
			<list>
				<bean class="net.rubyeye.xmemcached.utils.XMemcachedClientFactoryBean"
					destroy-method="shutdown">
					<property name="servers">
						<value>${memcached.host}:${memcached.port}</value>
					</property>
					<!-- Serializing transcoder -->
					<property name="transcoder">
						<bean class="net.rubyeye.xmemcached.transcoders.SerializingTranscoder" />
					</property>
				</bean>
			</list>
		</property>
	</bean>
		


</beans>