<?xml version="1.0" encoding="UTF-8" ?>
<!DOCTYPE mapper PUBLIC "-//mybatis.org//DTD Mapper 3.0//EN" "http://mybatis.org/dtd/mybatis-3-mapper.dtd" >
<mapper namespace="com.dcf.iqunxing.message2.dao.EmailMessageAttachmentMapper" >
  <resultMap id="BaseResultMap" type="com.dcf.iqunxing.message2.entity.EmailMessageAttachment" >
    <!--
      WARNING - @mbggenerated
      This element is automatically generated by MyBatis Generator, do not modify.
      This element was generated on Mon Aug 10 15:05:04 CST 2015.
    -->
    <id column="id" property="id" jdbcType="BIGINT" />
    <result column="email_message_id" property="emailMessageId" jdbcType="BIGINT" />
    <result column="name" property="name" jdbcType="VARCHAR" />
    <result column="path" property="path" jdbcType="VARCHAR" />
    <result column="created_time" property="createdTime" jdbcType="TIMESTAMP" />
    <result column="DataChange_LastTime" property="datachangeLasttime" jdbcType="TIMESTAMP" />
  </resultMap>
  <sql id="Example_Where_Clause" >
    <!--
      WARNING - @mbggenerated
      This element is automatically generated by MyBatis Generator, do not modify.
      This element was generated on Mon Aug 10 15:05:04 CST 2015.
    -->
    <where >
      <foreach collection="oredCriteria" item="criteria" separator="or" >
        <if test="criteria.valid" >
          <trim prefix="(" suffix=")" prefixOverrides="and" >
            <foreach collection="criteria.criteria" item="criterion" >
              <choose >
                <when test="criterion.noValue" >
                  and ${criterion.condition}
                </when>
                <when test="criterion.singleValue" >
                  and ${criterion.condition} #{criterion.value}
                </when>
                <when test="criterion.betweenValue" >
                  and ${criterion.condition} #{criterion.value} and #{criterion.secondValue}
                </when>
                <when test="criterion.listValue" >
                  and ${criterion.condition}
                  <foreach collection="criterion.value" item="listItem" open="(" close=")" separator="," >
                    #{listItem}
                  </foreach>
                </when>
              </choose>
            </foreach>
          </trim>
        </if>
      </foreach>
    </where>
  </sql>
  <sql id="Update_By_Example_Where_Clause" >
    <!--
      WARNING - @mbggenerated
      This element is automatically generated by MyBatis Generator, do not modify.
      This element was generated on Mon Aug 10 15:05:04 CST 2015.
    -->
    <where >
      <foreach collection="example.oredCriteria" item="criteria" separator="or" >
        <if test="criteria.valid" >
          <trim prefix="(" suffix=")" prefixOverrides="and" >
            <foreach collection="criteria.criteria" item="criterion" >
              <choose >
                <when test="criterion.noValue" >
                  and ${criterion.condition}
                </when>
                <when test="criterion.singleValue" >
                  and ${criterion.condition} #{criterion.value}
                </when>
                <when test="criterion.betweenValue" >
                  and ${criterion.condition} #{criterion.value} and #{criterion.secondValue}
                </when>
                <when test="criterion.listValue" >
                  and ${criterion.condition}
                  <foreach collection="criterion.value" item="listItem" open="(" close=")" separator="," >
                    #{listItem}
                  </foreach>
                </when>
              </choose>
            </foreach>
          </trim>
        </if>
      </foreach>
    </where>
  </sql>
  <sql id="Base_Column_List" >
    <!--
      WARNING - @mbggenerated
      This element is automatically generated by MyBatis Generator, do not modify.
      This element was generated on Mon Aug 10 15:05:04 CST 2015.
    -->
    id, email_message_id, name, path, created_time, DataChange_LastTime
  </sql>
  <select id="selectByExample" resultMap="BaseResultMap" parameterType="com.dcf.iqunxing.message2.entity.EmailMessageAttachmentExample" >
    <!--
      WARNING - @mbggenerated
      This element is automatically generated by MyBatis Generator, do not modify.
      This element was generated on Mon Aug 10 15:05:04 CST 2015.
    -->
    select
    <if test="distinct" >
      distinct
    </if>
    <include refid="Base_Column_List" />
    from email_message_attachment
    <if test="_parameter != null" >
      <include refid="Example_Where_Clause" />
    </if>
    <if test="orderByClause != null" >
      order by ${orderByClause}
    </if>
    <if test="limitStart != null and limitStart>=0" >
      limit #{limitStart} , #{limitEnd}
    </if>
  </select>
  <select id="selectByPrimaryKey" resultMap="BaseResultMap" parameterType="java.lang.Long" >
    <!--
      WARNING - @mbggenerated
      This element is automatically generated by MyBatis Generator, do not modify.
      This element was generated on Mon Aug 10 15:05:04 CST 2015.
    -->
    select 
    <include refid="Base_Column_List" />
    from email_message_attachment
    where id = #{id,jdbcType=BIGINT}
  </select>
  <delete id="deleteByPrimaryKey" parameterType="java.lang.Long" >
    <!--
      WARNING - @mbggenerated
      This element is automatically generated by MyBatis Generator, do not modify.
      This element was generated on Mon Aug 10 15:05:04 CST 2015.
    -->
    delete from email_message_attachment
    where id = #{id,jdbcType=BIGINT}
  </delete>
  <delete id="deleteByExample" parameterType="com.dcf.iqunxing.message2.entity.EmailMessageAttachmentExample" >
    <!--
      WARNING - @mbggenerated
      This element is automatically generated by MyBatis Generator, do not modify.
      This element was generated on Mon Aug 10 15:05:04 CST 2015.
    -->
    delete from email_message_attachment
    <if test="_parameter != null" >
      <include refid="Example_Where_Clause" />
    </if>
  </delete>
  <insert id="insert" parameterType="com.dcf.iqunxing.message2.entity.EmailMessageAttachment" >
    <!--
      WARNING - @mbggenerated
      This element is automatically generated by MyBatis Generator, do not modify.
      This element was generated on Mon Aug 10 15:05:04 CST 2015.
    -->
    insert into email_message_attachment (id, email_message_id, name, 
      path, created_time, DataChange_LastTime
      )
    values (#{id,jdbcType=BIGINT}, #{emailMessageId,jdbcType=BIGINT}, #{name,jdbcType=VARCHAR}, 
      #{path,jdbcType=VARCHAR}, #{createdTime,jdbcType=TIMESTAMP}, #{datachangeLasttime,jdbcType=TIMESTAMP}
      )
  </insert>
  <insert id="insertSelective" parameterType="com.dcf.iqunxing.message2.entity.EmailMessageAttachment"  useGeneratedKeys="true" keyProperty="id" >
    <!--
      WARNING - @mbggenerated
      This element is automatically generated by MyBatis Generator, do not modify.
      This element was generated on Mon Aug 10 15:05:04 CST 2015.
    -->
    insert into email_message_attachment
    <trim prefix="(" suffix=")" suffixOverrides="," >
      <if test="id != null" >
        id,
      </if>
      <if test="emailMessageId != null" >
        email_message_id,
      </if>
      <if test="name != null" >
        name,
      </if>
      <if test="path != null" >
        path,
      </if>
      <if test="createdTime != null" >
        created_time,
      </if>
      <if test="datachangeLasttime != null" >
        DataChange_LastTime,
      </if>
    </trim>
    <trim prefix="values (" suffix=")" suffixOverrides="," >
      <if test="id != null" >
        #{id,jdbcType=BIGINT},
      </if>
      <if test="emailMessageId != null" >
        #{emailMessageId,jdbcType=BIGINT},
      </if>
      <if test="name != null" >
        #{name,jdbcType=VARCHAR},
      </if>
      <if test="path != null" >
        #{path,jdbcType=VARCHAR},
      </if>
      <if test="createdTime != null" >
        #{createdTime,jdbcType=TIMESTAMP},
      </if>
      <if test="datachangeLasttime != null" >
        #{datachangeLasttime,jdbcType=TIMESTAMP},
      </if>
    </trim>
  </insert>
  <select id="countByExample" parameterType="com.dcf.iqunxing.message2.entity.EmailMessageAttachmentExample" resultType="java.lang.Integer" >
    <!--
      WARNING - @mbggenerated
      This element is automatically generated by MyBatis Generator, do not modify.
      This element was generated on Mon Aug 10 15:05:04 CST 2015.
    -->
    select count(*) from email_message_attachment
    <if test="_parameter != null" >
      <include refid="Example_Where_Clause" />
    </if>
  </select>
  <update id="updateByExampleSelective" parameterType="map" >
    <!--
      WARNING - @mbggenerated
      This element is automatically generated by MyBatis Generator, do not modify.
      This element was generated on Mon Aug 10 15:05:04 CST 2015.
    -->
    update email_message_attachment
    <set >
      <if test="record.id != null" >
        id = #{record.id,jdbcType=BIGINT},
      </if>
      <if test="record.emailMessageId != null" >
        email_message_id = #{record.emailMessageId,jdbcType=BIGINT},
      </if>
      <if test="record.name != null" >
        name = #{record.name,jdbcType=VARCHAR},
      </if>
      <if test="record.path != null" >
        path = #{record.path,jdbcType=VARCHAR},
      </if>
      <if test="record.createdTime != null" >
        created_time = #{record.createdTime,jdbcType=TIMESTAMP},
      </if>
      <if test="record.datachangeLasttime != null" >
        DataChange_LastTime = #{record.datachangeLasttime,jdbcType=TIMESTAMP},
      </if>
    </set>
    <if test="_parameter != null" >
      <include refid="Update_By_Example_Where_Clause" />
    </if>
  </update>
  <update id="updateByExample" parameterType="map" >
    <!--
      WARNING - @mbggenerated
      This element is automatically generated by MyBatis Generator, do not modify.
      This element was generated on Mon Aug 10 15:05:04 CST 2015.
    -->
    update email_message_attachment
    set id = #{record.id,jdbcType=BIGINT},
      email_message_id = #{record.emailMessageId,jdbcType=BIGINT},
      name = #{record.name,jdbcType=VARCHAR},
      path = #{record.path,jdbcType=VARCHAR},
      created_time = #{record.createdTime,jdbcType=TIMESTAMP},
      DataChange_LastTime = #{record.datachangeLasttime,jdbcType=TIMESTAMP}
    <if test="_parameter != null" >
      <include refid="Update_By_Example_Where_Clause" />
    </if>
  </update>
  <update id="updateByPrimaryKeySelective" parameterType="com.dcf.iqunxing.message2.entity.EmailMessageAttachment" >
    <!--
      WARNING - @mbggenerated
      This element is automatically generated by MyBatis Generator, do not modify.
      This element was generated on Mon Aug 10 15:05:04 CST 2015.
    -->
    update email_message_attachment
    <set >
      <if test="emailMessageId != null" >
        email_message_id = #{emailMessageId,jdbcType=BIGINT},
      </if>
      <if test="name != null" >
        name = #{name,jdbcType=VARCHAR},
      </if>
      <if test="path != null" >
        path = #{path,jdbcType=VARCHAR},
      </if>
      <if test="createdTime != null" >
        created_time = #{createdTime,jdbcType=TIMESTAMP},
      </if>
      <if test="datachangeLasttime != null" >
        DataChange_LastTime = #{datachangeLasttime,jdbcType=TIMESTAMP},
      </if>
    </set>
    where id = #{id,jdbcType=BIGINT}
  </update>
  <update id="updateByPrimaryKey" parameterType="com.dcf.iqunxing.message2.entity.EmailMessageAttachment" >
    <!--
      WARNING - @mbggenerated
      This element is automatically generated by MyBatis Generator, do not modify.
      This element was generated on Mon Aug 10 15:05:04 CST 2015.
    -->
    update email_message_attachment
    set email_message_id = #{emailMessageId,jdbcType=BIGINT},
      name = #{name,jdbcType=VARCHAR},
      path = #{path,jdbcType=VARCHAR},
      created_time = #{createdTime,jdbcType=TIMESTAMP},
      DataChange_LastTime = #{datachangeLasttime,jdbcType=TIMESTAMP}
    where id = #{id,jdbcType=BIGINT}
  </update>
</mapper>