<?xml version="1.0" encoding="UTF-8" ?>
<!DOCTYPE mapper PUBLIC "-//mybatis.org//DTD Mapper 3.0//EN" "http://mybatis.org/dtd/mybatis-3-mapper.dtd" >
<mapper namespace="com.dcf.iqunxing.message2.dao.MessageJobMapper" >
  <resultMap id="BaseResultMap" type="com.dcf.iqunxing.message2.entity.MessageJob" >
    <!--
      WARNING - @mbggenerated
      This element is automatically generated by MyBatis Generator, do not modify.
      This element was generated on Wed Aug 05 18:13:59 CST 2015.
    -->
    <id column="id" property="id" jdbcType="BIGINT" />
    <result column="last_schedule_time" property="lastScheduleTime" jdbcType="TIMESTAMP" />
    <result column="last_start_time" property="lastStartTime" jdbcType="TIMESTAMP" />
    <result column="last_end_time" property="lastEndTime" jdbcType="TIMESTAMP" />
    <result column="updated_time" property="updatedTime" jdbcType="TIMESTAMP" />
    <result column="created_time" property="createdTime" jdbcType="TIMESTAMP" />
    <result column="DataChange_LastTime" property="datachangeLasttime" jdbcType="TIMESTAMP" />
  </resultMap>
  <sql id="Example_Where_Clause" >
    <!--
      WARNING - @mbggenerated
      This element is automatically generated by MyBatis Generator, do not modify.
      This element was generated on Wed Aug 05 18:13:59 CST 2015.
    -->
    <where >
      <foreach collection="oredCriteria" item="criteria" separator="or" >
        <if test="criteria.valid" >
          <trim prefix="(" suffix=")" prefixOverrides="and" >
            <foreach collection="criteria.criteria" item="criterion" >
              <choose >
                <when test="criterion.noValue" >
                  and ${criterion.condition}
                </when>
                <when test="criterion.singleValue" >
                  and ${criterion.condition} #{criterion.value}
                </when>
                <when test="criterion.betweenValue" >
                  and ${criterion.condition} #{criterion.value} and #{criterion.secondValue}
                </when>
                <when test="criterion.listValue" >
                  and ${criterion.condition}
                  <foreach collection="criterion.value" item="listItem" open="(" close=")" separator="," >
                    #{listItem}
                  </foreach>
                </when>
              </choose>
            </foreach>
          </trim>
        </if>
      </foreach>
    </where>
  </sql>
  <sql id="Update_By_Example_Where_Clause" >
    <!--
      WARNING - @mbggenerated
      This element is automatically generated by MyBatis Generator, do not modify.
      This element was generated on Wed Aug 05 18:13:59 CST 2015.
    -->
    <where >
      <foreach collection="example.oredCriteria" item="criteria" separator="or" >
        <if test="criteria.valid" >
          <trim prefix="(" suffix=")" prefixOverrides="and" >
            <foreach collection="criteria.criteria" item="criterion" >
              <choose >
                <when test="criterion.noValue" >
                  and ${criterion.condition}
                </when>
                <when test="criterion.singleValue" >
                  and ${criterion.condition} #{criterion.value}
                </when>
                <when test="criterion.betweenValue" >
                  and ${criterion.condition} #{criterion.value} and #{criterion.secondValue}
                </when>
                <when test="criterion.listValue" >
                  and ${criterion.condition}
                  <foreach collection="criterion.value" item="listItem" open="(" close=")" separator="," >
                    #{listItem}
                  </foreach>
                </when>
              </choose>
            </foreach>
          </trim>
        </if>
      </foreach>
    </where>
  </sql>
  <sql id="Base_Column_List" >
    <!--
      WARNING - @mbggenerated
      This element is automatically generated by MyBatis Generator, do not modify.
      This element was generated on Wed Aug 05 18:13:59 CST 2015.
    -->
    id, last_schedule_time, last_start_time, last_end_time, updated_time, created_time, 
    DataChange_LastTime
  </sql>
  <select id="selectByExample" resultMap="BaseResultMap" parameterType="com.dcf.iqunxing.message2.entity.MessageJobExample" >
    <!--
      WARNING - @mbggenerated
      This element is automatically generated by MyBatis Generator, do not modify.
      This element was generated on Wed Aug 05 18:13:59 CST 2015.
    -->
    select
    <if test="distinct" >
      distinct
    </if>
    <include refid="Base_Column_List" />
    from message_job
    <if test="_parameter != null" >
      <include refid="Example_Where_Clause" />
    </if>
    <if test="orderByClause != null" >
      order by ${orderByClause}
    </if>
    <if test="limitStart != null and limitStart>=0" >
      limit #{limitStart} , #{limitEnd}
    </if>
  </select>
  <select id="selectByPrimaryKey" resultMap="BaseResultMap" parameterType="java.lang.Long" >
    <!--
      WARNING - @mbggenerated
      This element is automatically generated by MyBatis Generator, do not modify.
      This element was generated on Wed Aug 05 18:13:59 CST 2015.
    -->
    select 
    <include refid="Base_Column_List" />
    from message_job
    where id = #{id,jdbcType=BIGINT}
  </select>
  <delete id="deleteByPrimaryKey" parameterType="java.lang.Long" >
    <!--
      WARNING - @mbggenerated
      This element is automatically generated by MyBatis Generator, do not modify.
      This element was generated on Wed Aug 05 18:13:59 CST 2015.
    -->
    delete from message_job
    where id = #{id,jdbcType=BIGINT}
  </delete>
  <delete id="deleteByExample" parameterType="com.dcf.iqunxing.message2.entity.MessageJobExample" >
    <!--
      WARNING - @mbggenerated
      This element is automatically generated by MyBatis Generator, do not modify.
      This element was generated on Wed Aug 05 18:13:59 CST 2015.
    -->
    delete from message_job
    <if test="_parameter != null" >
      <include refid="Example_Where_Clause" />
    </if>
  </delete>
  <insert id="insert" parameterType="com.dcf.iqunxing.message2.entity.MessageJob" >
    <!--
      WARNING - @mbggenerated
      This element is automatically generated by MyBatis Generator, do not modify.
      This element was generated on Wed Aug 05 18:13:59 CST 2015.
    -->
    insert into message_job (id, last_schedule_time, last_start_time, 
      last_end_time, updated_time, created_time, 
      DataChange_LastTime)
    values (#{id,jdbcType=BIGINT}, #{lastScheduleTime,jdbcType=TIMESTAMP}, #{lastStartTime,jdbcType=TIMESTAMP}, 
      #{lastEndTime,jdbcType=TIMESTAMP}, #{updatedTime,jdbcType=TIMESTAMP}, #{createdTime,jdbcType=TIMESTAMP}, 
      #{datachangeLasttime,jdbcType=TIMESTAMP})
  </insert>
  <insert id="insertSelective" parameterType="com.dcf.iqunxing.message2.entity.MessageJob" useGeneratedKeys="true" keyProperty="id" >
    <!--
      WARNING - @mbggenerated
      This element is automatically generated by MyBatis Generator, do not modify.
      This element was generated on Wed Aug 05 18:13:59 CST 2015.
    -->
    insert into message_job
    <trim prefix="(" suffix=")" suffixOverrides="," >
      <if test="id != null" >
        id,
      </if>
      <if test="lastScheduleTime != null" >
        last_schedule_time,
      </if>
      <if test="lastStartTime != null" >
        last_start_time,
      </if>
      <if test="lastEndTime != null" >
        last_end_time,
      </if>
      <if test="updatedTime != null" >
        updated_time,
      </if>
      <if test="createdTime != null" >
        created_time,
      </if>
      <if test="datachangeLasttime != null" >
        DataChange_LastTime,
      </if>
    </trim>
    <trim prefix="values (" suffix=")" suffixOverrides="," >
      <if test="id != null" >
        #{id,jdbcType=BIGINT},
      </if>
      <if test="lastScheduleTime != null" >
        #{lastScheduleTime,jdbcType=TIMESTAMP},
      </if>
      <if test="lastStartTime != null" >
        #{lastStartTime,jdbcType=TIMESTAMP},
      </if>
      <if test="lastEndTime != null" >
        #{lastEndTime,jdbcType=TIMESTAMP},
      </if>
      <if test="updatedTime != null" >
        #{updatedTime,jdbcType=TIMESTAMP},
      </if>
      <if test="createdTime != null" >
        #{createdTime,jdbcType=TIMESTAMP},
      </if>
      <if test="datachangeLasttime != null" >
        #{datachangeLasttime,jdbcType=TIMESTAMP},
      </if>
    </trim>
  </insert>
  <select id="countByExample" parameterType="com.dcf.iqunxing.message2.entity.MessageJobExample" resultType="java.lang.Integer" >
    <!--
      WARNING - @mbggenerated
      This element is automatically generated by MyBatis Generator, do not modify.
      This element was generated on Wed Aug 05 18:13:59 CST 2015.
    -->
    select count(*) from message_job
    <if test="_parameter != null" >
      <include refid="Example_Where_Clause" />
    </if>
  </select>
  <update id="updateByExampleSelective" parameterType="map" >
    <!--
      WARNING - @mbggenerated
      This element is automatically generated by MyBatis Generator, do not modify.
      This element was generated on Wed Aug 05 18:13:59 CST 2015.
    -->
    update message_job
    <set >
      <if test="record.id != null" >
        id = #{record.id,jdbcType=BIGINT},
      </if>
      <if test="record.lastScheduleTime != null" >
        last_schedule_time = #{record.lastScheduleTime,jdbcType=TIMESTAMP},
      </if>
      <if test="record.lastStartTime != null" >
        last_start_time = #{record.lastStartTime,jdbcType=TIMESTAMP},
      </if>
      <if test="record.lastEndTime != null" >
        last_end_time = #{record.lastEndTime,jdbcType=TIMESTAMP},
      </if>
      <if test="record.updatedTime != null" >
        updated_time = #{record.updatedTime,jdbcType=TIMESTAMP},
      </if>
      <if test="record.createdTime != null" >
        created_time = #{record.createdTime,jdbcType=TIMESTAMP},
      </if>
      <if test="record.datachangeLasttime != null" >
        DataChange_LastTime = #{record.datachangeLasttime,jdbcType=TIMESTAMP},
      </if>
    </set>
    <if test="_parameter != null" >
      <include refid="Update_By_Example_Where_Clause" />
    </if>
  </update>
  <update id="updateByExample" parameterType="map" >
    <!--
      WARNING - @mbggenerated
      This element is automatically generated by MyBatis Generator, do not modify.
      This element was generated on Wed Aug 05 18:13:59 CST 2015.
    -->
    update message_job
    set id = #{record.id,jdbcType=BIGINT},
      last_schedule_time = #{record.lastScheduleTime,jdbcType=TIMESTAMP},
      last_start_time = #{record.lastStartTime,jdbcType=TIMESTAMP},
      last_end_time = #{record.lastEndTime,jdbcType=TIMESTAMP},
      updated_time = #{record.updatedTime,jdbcType=TIMESTAMP},
      created_time = #{record.createdTime,jdbcType=TIMESTAMP},
      DataChange_LastTime = #{record.datachangeLasttime,jdbcType=TIMESTAMP}
    <if test="_parameter != null" >
      <include refid="Update_By_Example_Where_Clause" />
    </if>
  </update>
  <update id="updateByPrimaryKeySelective" parameterType="com.dcf.iqunxing.message2.entity.MessageJob" >
    <!--
      WARNING - @mbggenerated
      This element is automatically generated by MyBatis Generator, do not modify.
      This element was generated on Wed Aug 05 18:13:59 CST 2015.
    -->
    update message_job
    <set >
      <if test="lastScheduleTime != null" >
        last_schedule_time = #{lastScheduleTime,jdbcType=TIMESTAMP},
      </if>
      <if test="lastStartTime != null" >
        last_start_time = #{lastStartTime,jdbcType=TIMESTAMP},
      </if>
      <if test="lastEndTime != null" >
        last_end_time = #{lastEndTime,jdbcType=TIMESTAMP},
      </if>
      <if test="updatedTime != null" >
        updated_time = #{updatedTime,jdbcType=TIMESTAMP},
      </if>
      <if test="createdTime != null" >
        created_time = #{createdTime,jdbcType=TIMESTAMP},
      </if>
      <if test="datachangeLasttime != null" >
        DataChange_LastTime = #{datachangeLasttime,jdbcType=TIMESTAMP},
      </if>
    </set>
    where id = #{id,jdbcType=BIGINT}
  </update>
  <update id="updateByPrimaryKey" parameterType="com.dcf.iqunxing.message2.entity.MessageJob" >
    <!--
      WARNING - @mbggenerated
      This element is automatically generated by MyBatis Generator, do not modify.
      This element was generated on Wed Aug 05 18:13:59 CST 2015.
    -->
    update message_job
    set last_schedule_time = #{lastScheduleTime,jdbcType=TIMESTAMP},
      last_start_time = #{lastStartTime,jdbcType=TIMESTAMP},
      last_end_time = #{lastEndTime,jdbcType=TIMESTAMP},
      updated_time = #{updatedTime,jdbcType=TIMESTAMP},
      created_time = #{createdTime,jdbcType=TIMESTAMP},
      DataChange_LastTime = #{datachangeLasttime,jdbcType=TIMESTAMP}
    where id = #{id,jdbcType=BIGINT}
  </update>
  
  <select id="selectAll" resultMap="BaseResultMap">
  	select
    <include refid="Base_Column_List" />
    from message_job
  </select>
</mapper>