<?xml version="1.0" encoding="UTF-8"?>
<!DOCTYPE mapper PUBLIC "-//mybatis.org//DTD Mapper 3.0//EN" "http://mybatis.org/dtd/mybatis-3-mapper.dtd">
<mapper namespace="com.dcf.iqunxing.message2.dao.PushMessagePropertyMapper">
  <resultMap id="BaseResultMap" type="com.dcf.iqunxing.message2.entity.PushMessageProperty">
    <!--
      WARNING - @mbggenerated
      This element is automatically generated by MyBatis Generator, do not modify.
      This element was generated on Fri Aug 21 18:38:59 CST 2015.
    -->
    <id column="id" jdbcType="BIGINT" property="id" />
    <result column="push_message_id" jdbcType="BIGINT" property="pushMessageId" />
    <result column="prop_key" jdbcType="VARCHAR" property="propKey" />
    <result column="prop_value" jdbcType="VARCHAR" property="propValue" />
    <result column="created_time" jdbcType="TIMESTAMP" property="createdTime" />
    <result column="DataChange_LastTime" jdbcType="TIMESTAMP" property="datachangeLasttime" />
  </resultMap>
  <sql id="Example_Where_Clause">
    <!--
      WARNING - @mbggenerated
      This element is automatically generated by MyBatis Generator, do not modify.
      This element was generated on Fri Aug 21 18:38:59 CST 2015.
    -->
    <where>
      <foreach collection="oredCriteria" item="criteria" separator="or">
        <if test="criteria.valid">
          <trim prefix="(" prefixOverrides="and" suffix=")">
            <foreach collection="criteria.criteria" item="criterion">
              <choose>
                <when test="criterion.noValue">
                  and ${criterion.condition}
                </when>
                <when test="criterion.singleValue">
                  and ${criterion.condition} #{criterion.value}
                </when>
                <when test="criterion.betweenValue">
                  and ${criterion.condition} #{criterion.value} and #{criterion.secondValue}
                </when>
                <when test="criterion.listValue">
                  and ${criterion.condition}
                  <foreach close=")" collection="criterion.value" item="listItem" open="(" separator=",">
                    #{listItem}
                  </foreach>
                </when>
              </choose>
            </foreach>
          </trim>
        </if>
      </foreach>
    </where>
  </sql>
  <sql id="Update_By_Example_Where_Clause">
    <!--
      WARNING - @mbggenerated
      This element is automatically generated by MyBatis Generator, do not modify.
      This element was generated on Fri Aug 21 18:38:59 CST 2015.
    -->
    <where>
      <foreach collection="example.oredCriteria" item="criteria" separator="or">
        <if test="criteria.valid">
          <trim prefix="(" prefixOverrides="and" suffix=")">
            <foreach collection="criteria.criteria" item="criterion">
              <choose>
                <when test="criterion.noValue">
                  and ${criterion.condition}
                </when>
                <when test="criterion.singleValue">
                  and ${criterion.condition} #{criterion.value}
                </when>
                <when test="criterion.betweenValue">
                  and ${criterion.condition} #{criterion.value} and #{criterion.secondValue}
                </when>
                <when test="criterion.listValue">
                  and ${criterion.condition}
                  <foreach close=")" collection="criterion.value" item="listItem" open="(" separator=",">
                    #{listItem}
                  </foreach>
                </when>
              </choose>
            </foreach>
          </trim>
        </if>
      </foreach>
    </where>
  </sql>
  <sql id="Base_Column_List">
    <!--
      WARNING - @mbggenerated
      This element is automatically generated by MyBatis Generator, do not modify.
      This element was generated on Fri Aug 21 18:38:59 CST 2015.
    -->
    id, push_message_id, prop_key, prop_value, created_time, DataChange_LastTime
  </sql>
  <select id="selectByExample" parameterType="com.dcf.iqunxing.message2.entity.PushMessagePropertyExample" resultMap="BaseResultMap">
    <!--
      WARNING - @mbggenerated
      This element is automatically generated by MyBatis Generator, do not modify.
      This element was generated on Fri Aug 21 18:38:59 CST 2015.
    -->
    select
    <if test="distinct">
      distinct
    </if>
    <include refid="Base_Column_List" />
    from push_message_property
    <if test="_parameter != null">
      <include refid="Example_Where_Clause" />
    </if>
    <if test="orderByClause != null">
      order by ${orderByClause}
    </if>
  </select>
  <select id="selectByPrimaryKey" parameterType="java.lang.Long" resultMap="BaseResultMap">
    <!--
      WARNING - @mbggenerated
      This element is automatically generated by MyBatis Generator, do not modify.
      This element was generated on Fri Aug 21 18:38:59 CST 2015.
    -->
    select 
    <include refid="Base_Column_List" />
    from push_message_property
    where id = #{id,jdbcType=BIGINT}
  </select>
  <delete id="deleteByPrimaryKey" parameterType="java.lang.Long">
    <!--
      WARNING - @mbggenerated
      This element is automatically generated by MyBatis Generator, do not modify.
      This element was generated on Fri Aug 21 18:38:59 CST 2015.
    -->
    delete from push_message_property
    where id = #{id,jdbcType=BIGINT}
  </delete>
  <delete id="deleteByExample" parameterType="com.dcf.iqunxing.message2.entity.PushMessagePropertyExample">
    <!--
      WARNING - @mbggenerated
      This element is automatically generated by MyBatis Generator, do not modify.
      This element was generated on Fri Aug 21 18:38:59 CST 2015.
    -->
    delete from push_message_property
    <if test="_parameter != null">
      <include refid="Example_Where_Clause" />
    </if>
  </delete>
  <insert id="insert" useGeneratedKeys="true" keyProperty="id" parameterType="com.dcf.iqunxing.message2.entity.PushMessageProperty">
    <!--
      WARNING - @mbggenerated
      This element is automatically generated by MyBatis Generator, do not modify.
      This element was generated on Fri Aug 21 18:38:59 CST 2015.
    -->
    insert into push_message_property (id, push_message_id, prop_key, 
      prop_value, created_time, DataChange_LastTime
      )
    values (#{id,jdbcType=BIGINT}, #{pushMessageId,jdbcType=BIGINT}, #{propKey,jdbcType=VARCHAR}, 
      #{propValue,jdbcType=VARCHAR}, #{createdTime,jdbcType=TIMESTAMP}, #{datachangeLasttime,jdbcType=TIMESTAMP}
      )
  </insert>
  <insert id="insertSelective" useGeneratedKeys="true" keyProperty="id" parameterType="com.dcf.iqunxing.message2.entity.PushMessageProperty">
    <!--
      WARNING - @mbggenerated
      This element is automatically generated by MyBatis Generator, do not modify.
      This element was generated on Fri Aug 21 18:38:59 CST 2015.
    -->
    insert into push_message_property
    <trim prefix="(" suffix=")" suffixOverrides=",">
      <if test="id != null">
        id,
      </if>
      <if test="pushMessageId != null">
        push_message_id,
      </if>
      <if test="propKey != null">
        prop_key,
      </if>
      <if test="propValue != null">
        prop_value,
      </if>
      <if test="createdTime != null">
        created_time,
      </if>
      <if test="datachangeLasttime != null">
        DataChange_LastTime,
      </if>
    </trim>
    <trim prefix="values (" suffix=")" suffixOverrides=",">
      <if test="id != null">
        #{id,jdbcType=BIGINT},
      </if>
      <if test="pushMessageId != null">
        #{pushMessageId,jdbcType=BIGINT},
      </if>
      <if test="propKey != null">
        #{propKey,jdbcType=VARCHAR},
      </if>
      <if test="propValue != null">
        #{propValue,jdbcType=VARCHAR},
      </if>
      <if test="createdTime != null">
        #{createdTime,jdbcType=TIMESTAMP},
      </if>
      <if test="datachangeLasttime != null">
        #{datachangeLasttime,jdbcType=TIMESTAMP},
      </if>
    </trim>
  </insert>
  <select id="countByExample" parameterType="com.dcf.iqunxing.message2.entity.PushMessagePropertyExample" resultType="java.lang.Integer">
    <!--
      WARNING - @mbggenerated
      This element is automatically generated by MyBatis Generator, do not modify.
      This element was generated on Fri Aug 21 18:38:59 CST 2015.
    -->
    select count(*) from push_message_property
    <if test="_parameter != null">
      <include refid="Example_Where_Clause" />
    </if>
  </select>
  <update id="updateByExampleSelective" parameterType="map">
    <!--
      WARNING - @mbggenerated
      This element is automatically generated by MyBatis Generator, do not modify.
      This element was generated on Fri Aug 21 18:38:59 CST 2015.
    -->
    update push_message_property
    <set>
      <if test="record.id != null">
        id = #{record.id,jdbcType=BIGINT},
      </if>
      <if test="record.pushMessageId != null">
        push_message_id = #{record.pushMessageId,jdbcType=BIGINT},
      </if>
      <if test="record.propKey != null">
        prop_key = #{record.propKey,jdbcType=VARCHAR},
      </if>
      <if test="record.propValue != null">
        prop_value = #{record.propValue,jdbcType=VARCHAR},
      </if>
      <if test="record.createdTime != null">
        created_time = #{record.createdTime,jdbcType=TIMESTAMP},
      </if>
      <if test="record.datachangeLasttime != null">
        DataChange_LastTime = #{record.datachangeLasttime,jdbcType=TIMESTAMP},
      </if>
    </set>
    <if test="_parameter != null">
      <include refid="Update_By_Example_Where_Clause" />
    </if>
  </update>
  <update id="updateByExample" parameterType="map">
    <!--
      WARNING - @mbggenerated
      This element is automatically generated by MyBatis Generator, do not modify.
      This element was generated on Fri Aug 21 18:38:59 CST 2015.
    -->
    update push_message_property
    set id = #{record.id,jdbcType=BIGINT},
      push_message_id = #{record.pushMessageId,jdbcType=BIGINT},
      prop_key = #{record.propKey,jdbcType=VARCHAR},
      prop_value = #{record.propValue,jdbcType=VARCHAR},
      created_time = #{record.createdTime,jdbcType=TIMESTAMP},
      DataChange_LastTime = #{record.datachangeLasttime,jdbcType=TIMESTAMP}
    <if test="_parameter != null">
      <include refid="Update_By_Example_Where_Clause" />
    </if>
  </update>
  <update id="updateByPrimaryKeySelective" parameterType="com.dcf.iqunxing.message2.entity.PushMessageProperty">
    <!--
      WARNING - @mbggenerated
      This element is automatically generated by MyBatis Generator, do not modify.
      This element was generated on Fri Aug 21 18:38:59 CST 2015.
    -->
    update push_message_property
    <set>
      <if test="pushMessageId != null">
        push_message_id = #{pushMessageId,jdbcType=BIGINT},
      </if>
      <if test="propKey != null">
        prop_key = #{propKey,jdbcType=VARCHAR},
      </if>
      <if test="propValue != null">
        prop_value = #{propValue,jdbcType=VARCHAR},
      </if>
      <if test="createdTime != null">
        created_time = #{createdTime,jdbcType=TIMESTAMP},
      </if>
      <if test="datachangeLasttime != null">
        DataChange_LastTime = #{datachangeLasttime,jdbcType=TIMESTAMP},
      </if>
    </set>
    where id = #{id,jdbcType=BIGINT}
  </update>
  <update id="updateByPrimaryKey" parameterType="com.dcf.iqunxing.message2.entity.PushMessageProperty">
    <!--
      WARNING - @mbggenerated
      This element is automatically generated by MyBatis Generator, do not modify.
      This element was generated on Fri Aug 21 18:38:59 CST 2015.
    -->
    update push_message_property
    set push_message_id = #{pushMessageId,jdbcType=BIGINT},
      prop_key = #{propKey,jdbcType=VARCHAR},
      prop_value = #{propValue,jdbcType=VARCHAR},
      created_time = #{createdTime,jdbcType=TIMESTAMP},
      DataChange_LastTime = #{datachangeLasttime,jdbcType=TIMESTAMP}
    where id = #{id,jdbcType=BIGINT}
  </update>
</mapper>