<?xml version="1.0" encoding="UTF-8" ?>
<!DOCTYPE mapper PUBLIC "-//mybatis.org//DTD Mapper 3.0//EN" "http://mybatis.org/dtd/mybatis-3-mapper.dtd" >
<mapper namespace="com.dcf.iqunxing.message2.dao.SiteMessageMapper" >
  <resultMap id="BaseResultMap" type="com.dcf.iqunxing.message2.entity.SiteMessage" >
    <!--
      WARNING - @mbggenerated
      This element is automatically generated by MyBatis Generator, do not modify.
      This element was generated on Thu Jan 14 17:09:13 CST 2016.
    -->
    <id column="id" property="id" jdbcType="BIGINT" />
    <result column="site_message_content_id" property="siteMessageContentId" jdbcType="BIGINT" />
    <result column="receiver_id" property="receiverId" jdbcType="VARCHAR" />
    <result column="sender" property="sender" jdbcType="VARCHAR" />
    <result column="type" property="type" jdbcType="SMALLINT" />
    <result column="priority" property="priority" jdbcType="TINYINT" />
    <result column="state" property="state" jdbcType="TINYINT" />
    <result column="immediate" property="immediate" jdbcType="TINYINT" />
    <result column="schedule_time" property="scheduleTime" jdbcType="TIMESTAMP" />
    <result column="expired_time" property="expiredTime" jdbcType="TIMESTAMP" />
    <result column="sent_time" property="sentTime" jdbcType="TIMESTAMP" />
    <result column="read_time" property="readTime" jdbcType="TIMESTAMP" />
    <result column="processed_time" property="processedTime" jdbcType="TIMESTAMP" />
    <result column="deleted_time" property="deletedTime" jdbcType="TIMESTAMP" />
    <result column="deleted" property="deleted" jdbcType="TINYINT" />
    <result column="created_time" property="createdTime" jdbcType="TIMESTAMP" />
    <result column="datachange_lasttime" property="datachangeLasttime" jdbcType="TIMESTAMP" />
  </resultMap>
  <sql id="Example_Where_Clause" >
    <!--
      WARNING - @mbggenerated
      This element is automatically generated by MyBatis Generator, do not modify.
      This element was generated on Thu Jan 14 17:09:13 CST 2016.
    -->
    <where >
      <foreach collection="oredCriteria" item="criteria" separator="or" >
        <if test="criteria.valid" >
          <trim prefix="(" suffix=")" prefixOverrides="and" >
            <foreach collection="criteria.criteria" item="criterion" >
              <choose >
                <when test="criterion.noValue" >
                  and ${criterion.condition}
                </when>
                <when test="criterion.singleValue" >
                  and ${criterion.condition} #{criterion.value}
                </when>
                <when test="criterion.betweenValue" >
                  and ${criterion.condition} #{criterion.value} and #{criterion.secondValue}
                </when>
                <when test="criterion.listValue" >
                  and ${criterion.condition}
                  <foreach collection="criterion.value" item="listItem" open="(" close=")" separator="," >
                    #{listItem}
                  </foreach>
                </when>
              </choose>
            </foreach>
          </trim>
        </if>
      </foreach>
    </where>
  </sql>
  <sql id="Update_By_Example_Where_Clause" >
    <!--
      WARNING - @mbggenerated
      This element is automatically generated by MyBatis Generator, do not modify.
      This element was generated on Thu Jan 14 17:09:13 CST 2016.
    -->
    <where >
      <foreach collection="example.oredCriteria" item="criteria" separator="or" >
        <if test="criteria.valid" >
          <trim prefix="(" suffix=")" prefixOverrides="and" >
            <foreach collection="criteria.criteria" item="criterion" >
              <choose >
                <when test="criterion.noValue" >
                  and ${criterion.condition}
                </when>
                <when test="criterion.singleValue" >
                  and ${criterion.condition} #{criterion.value}
                </when>
                <when test="criterion.betweenValue" >
                  and ${criterion.condition} #{criterion.value} and #{criterion.secondValue}
                </when>
                <when test="criterion.listValue" >
                  and ${criterion.condition}
                  <foreach collection="criterion.value" item="listItem" open="(" close=")" separator="," >
                    #{listItem}
                  </foreach>
                </when>
              </choose>
            </foreach>
          </trim>
        </if>
      </foreach>
    </where>
  </sql>
  <sql id="Base_Column_List" >
    <!--
      WARNING - @mbggenerated
      This element is automatically generated by MyBatis Generator, do not modify.
      This element was generated on Thu Jan 14 17:09:13 CST 2016.
    -->
    id, site_message_content_id, receiver_id, sender, type, priority, state, immediate, 
    schedule_time, expired_time, sent_time, read_time, processed_time, deleted_time, 
    deleted, created_time, datachange_lasttime
  </sql>
  <select id="selectByExample" resultMap="BaseResultMap" parameterType="com.dcf.iqunxing.message2.entity.SiteMessageExample" >
    <!--
      WARNING - @mbggenerated
      This element is automatically generated by MyBatis Generator, do not modify.
      This element was generated on Thu Jan 14 17:09:13 CST 2016.
    -->
    select
    <if test="distinct" >
      distinct
    </if>
    <include refid="Base_Column_List" />
    from site_message
    <if test="_parameter != null" >
      <include refid="Example_Where_Clause" />
    </if>
    <if test="orderByClause != null" >
      order by ${orderByClause}
    </if>
    <if test="limitStart != null and limitStart>=0" >
      limit #{limitStart} , #{limitEnd}
    </if>
  </select>
  <select id="selectByPrimaryKey" resultMap="BaseResultMap" parameterType="java.lang.Long" >
    <!--
      WARNING - @mbggenerated
      This element is automatically generated by MyBatis Generator, do not modify.
      This element was generated on Thu Jan 14 17:09:13 CST 2016.
    -->
    select 
    <include refid="Base_Column_List" />
    from site_message
    where id = #{id,jdbcType=BIGINT}
  </select>
  <delete id="deleteByPrimaryKey" parameterType="java.lang.Long" >
    <!--
      WARNING - @mbggenerated
      This element is automatically generated by MyBatis Generator, do not modify.
      This element was generated on Thu Jan 14 17:09:13 CST 2016.
    -->
    delete from site_message
    where id = #{id,jdbcType=BIGINT}
  </delete>
  <delete id="deleteByExample" parameterType="com.dcf.iqunxing.message2.entity.SiteMessageExample" >
    <!--
      WARNING - @mbggenerated
      This element is automatically generated by MyBatis Generator, do not modify.
      This element was generated on Thu Jan 14 17:09:13 CST 2016.
    -->
    delete from site_message
    <if test="_parameter != null" >
      <include refid="Example_Where_Clause" />
    </if>
  </delete>
  <insert id="insert" parameterType="com.dcf.iqunxing.message2.entity.SiteMessage" >
    <!--
      WARNING - @mbggenerated
      This element is automatically generated by MyBatis Generator, do not modify.
      This element was generated on Thu Jan 14 17:09:13 CST 2016.
    -->
    <selectKey resultType="java.lang.Long" keyProperty="id" order="AFTER" >
      SELECT LAST_INSERT_ID()
    </selectKey>
    insert into site_message (site_message_content_id, receiver_id, 
      sender, type, priority, 
      state, immediate, schedule_time, 
      expired_time, sent_time, read_time, 
      processed_time, deleted_time, deleted, 
      created_time, datachange_lasttime)
    values (#{siteMessageContentId,jdbcType=BIGINT}, #{receiverId,jdbcType=VARCHAR}, 
      #{sender,jdbcType=VARCHAR}, #{type,jdbcType=SMALLINT}, #{priority,jdbcType=TINYINT}, 
      #{state,jdbcType=TINYINT}, #{immediate,jdbcType=TINYINT}, #{scheduleTime,jdbcType=TIMESTAMP}, 
      #{expiredTime,jdbcType=TIMESTAMP}, #{sentTime,jdbcType=TIMESTAMP}, #{readTime,jdbcType=TIMESTAMP}, 
      #{processedTime,jdbcType=TIMESTAMP}, #{deletedTime,jdbcType=TIMESTAMP}, #{deleted,jdbcType=TINYINT}, 
      #{createdTime,jdbcType=TIMESTAMP}, #{datachangeLasttime,jdbcType=TIMESTAMP})
  </insert>
  <insert id="insertSelective" parameterType="com.dcf.iqunxing.message2.entity.SiteMessage"  useGeneratedKeys="true" keyProperty="id">
    <!--
      WARNING - @mbggenerated
      This element is automatically generated by MyBatis Generator, do not modify.
      This element was generated on Thu Jan 14 17:09:13 CST 2016.
    -->
    <selectKey resultType="java.lang.Long" keyProperty="id" order="AFTER" >
      SELECT LAST_INSERT_ID()
    </selectKey>
    insert into site_message
    <trim prefix="(" suffix=")" suffixOverrides="," >
      <if test="siteMessageContentId != null" >
        site_message_content_id,
      </if>
      <if test="receiverId != null" >
        receiver_id,
      </if>
      <if test="sender != null" >
        sender,
      </if>
      <if test="type != null" >
        type,
      </if>
      <if test="priority != null" >
        priority,
      </if>
      <if test="state != null" >
        state,
      </if>
      <if test="immediate != null" >
        immediate,
      </if>
      <if test="scheduleTime != null" >
        schedule_time,
      </if>
      <if test="expiredTime != null" >
        expired_time,
      </if>
      <if test="sentTime != null" >
        sent_time,
      </if>
      <if test="readTime != null" >
        read_time,
      </if>
      <if test="processedTime != null" >
        processed_time,
      </if>
      <if test="deletedTime != null" >
        deleted_time,
      </if>
      <if test="deleted != null" >
        deleted,
      </if>
      <if test="createdTime != null" >
        created_time,
      </if>
      <if test="datachangeLasttime != null" >
        datachange_lasttime,
      </if>
    </trim>
    <trim prefix="values (" suffix=")" suffixOverrides="," >
      <if test="siteMessageContentId != null" >
        #{siteMessageContentId,jdbcType=BIGINT},
      </if>
      <if test="receiverId != null" >
        #{receiverId,jdbcType=VARCHAR},
      </if>
      <if test="sender != null" >
        #{sender,jdbcType=VARCHAR},
      </if>
      <if test="type != null" >
        #{type,jdbcType=SMALLINT},
      </if>
      <if test="priority != null" >
        #{priority,jdbcType=TINYINT},
      </if>
      <if test="state != null" >
        #{state,jdbcType=TINYINT},
      </if>
      <if test="immediate != null" >
        #{immediate,jdbcType=TINYINT},
      </if>
      <if test="scheduleTime != null" >
        #{scheduleTime,jdbcType=TIMESTAMP},
      </if>
      <if test="expiredTime != null" >
        #{expiredTime,jdbcType=TIMESTAMP},
      </if>
      <if test="sentTime != null" >
        #{sentTime,jdbcType=TIMESTAMP},
      </if>
      <if test="readTime != null" >
        #{readTime,jdbcType=TIMESTAMP},
      </if>
      <if test="processedTime != null" >
        #{processedTime,jdbcType=TIMESTAMP},
      </if>
      <if test="deletedTime != null" >
        #{deletedTime,jdbcType=TIMESTAMP},
      </if>
      <if test="deleted != null" >
        #{deleted,jdbcType=TINYINT},
      </if>
      <if test="createdTime != null" >
        #{createdTime,jdbcType=TIMESTAMP},
      </if>
      <if test="datachangeLasttime != null" >
        #{datachangeLasttime,jdbcType=TIMESTAMP},
      </if>
    </trim>
  </insert>
  <select id="countByExample" parameterType="com.dcf.iqunxing.message2.entity.SiteMessageExample" resultType="java.lang.Integer" >
    <!--
      WARNING - @mbggenerated
      This element is automatically generated by MyBatis Generator, do not modify.
      This element was generated on Thu Jan 14 17:09:13 CST 2016.
    -->
    select count(*) from site_message
    <if test="_parameter != null" >
      <include refid="Example_Where_Clause" />
    </if>
  </select>
  <update id="updateByExampleSelective" parameterType="map" >
    <!--
      WARNING - @mbggenerated
      This element is automatically generated by MyBatis Generator, do not modify.
      This element was generated on Thu Jan 14 17:09:13 CST 2016.
    -->
    update site_message
    <set >
      <if test="record.id != null" >
        id = #{record.id,jdbcType=BIGINT},
      </if>
      <if test="record.siteMessageContentId != null" >
        site_message_content_id = #{record.siteMessageContentId,jdbcType=BIGINT},
      </if>
      <if test="record.receiverId != null" >
        receiver_id = #{record.receiverId,jdbcType=VARCHAR},
      </if>
      <if test="record.sender != null" >
        sender = #{record.sender,jdbcType=VARCHAR},
      </if>
      <if test="record.type != null" >
        type = #{record.type,jdbcType=SMALLINT},
      </if>
      <if test="record.priority != null" >
        priority = #{record.priority,jdbcType=TINYINT},
      </if>
      <if test="record.state != null" >
        state = #{record.state,jdbcType=TINYINT},
      </if>
      <if test="record.immediate != null" >
        immediate = #{record.immediate,jdbcType=TINYINT},
      </if>
      <if test="record.scheduleTime != null" >
        schedule_time = #{record.scheduleTime,jdbcType=TIMESTAMP},
      </if>
      <if test="record.expiredTime != null" >
        expired_time = #{record.expiredTime,jdbcType=TIMESTAMP},
      </if>
      <if test="record.sentTime != null" >
        sent_time = #{record.sentTime,jdbcType=TIMESTAMP},
      </if>
      <if test="record.readTime != null" >
        read_time = #{record.readTime,jdbcType=TIMESTAMP},
      </if>
      <if test="record.processedTime != null" >
        processed_time = #{record.processedTime,jdbcType=TIMESTAMP},
      </if>
      <if test="record.deletedTime != null" >
        deleted_time = #{record.deletedTime,jdbcType=TIMESTAMP},
      </if>
      <if test="record.deleted != null" >
        deleted = #{record.deleted,jdbcType=TINYINT},
      </if>
      <if test="record.createdTime != null" >
        created_time = #{record.createdTime,jdbcType=TIMESTAMP},
      </if>
      <if test="record.datachangeLasttime != null" >
        datachange_lasttime = #{record.datachangeLasttime,jdbcType=TIMESTAMP},
      </if>
    </set>
    <if test="_parameter != null" >
      <include refid="Update_By_Example_Where_Clause" />
    </if>
  </update>
  <update id="updateByExample" parameterType="map" >
    <!--
      WARNING - @mbggenerated
      This element is automatically generated by MyBatis Generator, do not modify.
      This element was generated on Thu Jan 14 17:09:13 CST 2016.
    -->
    update site_message
    set id = #{record.id,jdbcType=BIGINT},
      site_message_content_id = #{record.siteMessageContentId,jdbcType=BIGINT},
      receiver_id = #{record.receiverId,jdbcType=VARCHAR},
      sender = #{record.sender,jdbcType=VARCHAR},
      type = #{record.type,jdbcType=SMALLINT},
      priority = #{record.priority,jdbcType=TINYINT},
      state = #{record.state,jdbcType=TINYINT},
      immediate = #{record.immediate,jdbcType=TINYINT},
      schedule_time = #{record.scheduleTime,jdbcType=TIMESTAMP},
      expired_time = #{record.expiredTime,jdbcType=TIMESTAMP},
      sent_time = #{record.sentTime,jdbcType=TIMESTAMP},
      read_time = #{record.readTime,jdbcType=TIMESTAMP},
      processed_time = #{record.processedTime,jdbcType=TIMESTAMP},
      deleted_time = #{record.deletedTime,jdbcType=TIMESTAMP},
      deleted = #{record.deleted,jdbcType=TINYINT},
      created_time = #{record.createdTime,jdbcType=TIMESTAMP},
      datachange_lasttime = #{record.datachangeLasttime,jdbcType=TIMESTAMP}
    <if test="_parameter != null" >
      <include refid="Update_By_Example_Where_Clause" />
    </if>
  </update>
  <update id="updateByPrimaryKeySelective" parameterType="com.dcf.iqunxing.message2.entity.SiteMessage" >
    <!--
      WARNING - @mbggenerated
      This element is automatically generated by MyBatis Generator, do not modify.
      This element was generated on Thu Jan 14 17:09:13 CST 2016.
    -->
    update site_message
    <set >
      <if test="siteMessageContentId != null" >
        site_message_content_id = #{siteMessageContentId,jdbcType=BIGINT},
      </if>
      <if test="receiverId != null" >
        receiver_id = #{receiverId,jdbcType=VARCHAR},
      </if>
      <if test="sender != null" >
        sender = #{sender,jdbcType=VARCHAR},
      </if>
      <if test="type != null" >
        type = #{type,jdbcType=SMALLINT},
      </if>
      <if test="priority != null" >
        priority = #{priority,jdbcType=TINYINT},
      </if>
      <if test="state != null" >
        state = #{state,jdbcType=TINYINT},
      </if>
      <if test="immediate != null" >
        immediate = #{immediate,jdbcType=TINYINT},
      </if>
      <if test="scheduleTime != null" >
        schedule_time = #{scheduleTime,jdbcType=TIMESTAMP},
      </if>
      <if test="expiredTime != null" >
        expired_time = #{expiredTime,jdbcType=TIMESTAMP},
      </if>
      <if test="sentTime != null" >
        sent_time = #{sentTime,jdbcType=TIMESTAMP},
      </if>
      <if test="readTime != null" >
        read_time = #{readTime,jdbcType=TIMESTAMP},
      </if>
      <if test="processedTime != null" >
        processed_time = #{processedTime,jdbcType=TIMESTAMP},
      </if>
      <if test="deletedTime != null" >
        deleted_time = #{deletedTime,jdbcType=TIMESTAMP},
      </if>
      <if test="deleted != null" >
        deleted = #{deleted,jdbcType=TINYINT},
      </if>
      <if test="createdTime != null" >
        created_time = #{createdTime,jdbcType=TIMESTAMP},
      </if>
      <if test="datachangeLasttime != null" >
        datachange_lasttime = #{datachangeLasttime,jdbcType=TIMESTAMP},
      </if>
    </set>
    where id = #{id,jdbcType=BIGINT}
  </update>
  <update id="updateByPrimaryKey" parameterType="com.dcf.iqunxing.message2.entity.SiteMessage" >
    <!--
      WARNING - @mbggenerated
      This element is automatically generated by MyBatis Generator, do not modify.
      This element was generated on Thu Jan 14 17:09:13 CST 2016.
    -->
    update site_message
    set site_message_content_id = #{siteMessageContentId,jdbcType=BIGINT},
      receiver_id = #{receiverId,jdbcType=VARCHAR},
      sender = #{sender,jdbcType=VARCHAR},
      type = #{type,jdbcType=SMALLINT},
      priority = #{priority,jdbcType=TINYINT},
      state = #{state,jdbcType=TINYINT},
      immediate = #{immediate,jdbcType=TINYINT},
      schedule_time = #{scheduleTime,jdbcType=TIMESTAMP},
      expired_time = #{expiredTime,jdbcType=TIMESTAMP},
      sent_time = #{sentTime,jdbcType=TIMESTAMP},
      read_time = #{readTime,jdbcType=TIMESTAMP},
      processed_time = #{processedTime,jdbcType=TIMESTAMP},
      deleted_time = #{deletedTime,jdbcType=TIMESTAMP},
      deleted = #{deleted,jdbcType=TINYINT},
      created_time = #{createdTime,jdbcType=TIMESTAMP},
      datachange_lasttime = #{datachangeLasttime,jdbcType=TIMESTAMP}
    where id = #{id,jdbcType=BIGINT}
  </update>
</mapper>