<?xml version="1.0" encoding="UTF-8" ?>
<!DOCTYPE mapper PUBLIC "-//mybatis.org//DTD Mapper 3.0//EN" "http://mybatis.org/dtd/mybatis-3-mapper.dtd" >
<mapper namespace="com.dcf.iqunxing.message2.dao.SmsMessageMapper" >
  <resultMap id="BaseResultMap" type="com.dcf.iqunxing.message2.entity.SmsMessage" >
    <!--
      WARNING - @mbggenerated
      This element is automatically generated by MyBatis Generator, do not modify.
      This element was generated on Mon Aug 10 15:03:32 CST 2015.
    -->
    <id column="id" property="id" jdbcType="BIGINT" />
    <result column="sms_message_template_id" property="smsMessageTemplateId" jdbcType="BIGINT" />
    <result column="mobiles" property="mobiles" jdbcType="VARCHAR" />
    <result column="priority" property="priority" jdbcType="TINYINT" />
    <result column="state" property="state" jdbcType="TINYINT" />
    <result column="immediate" property="immediate" jdbcType="TINYINT" />
    <result column="schedule_time" property="scheduleTime" jdbcType="TIMESTAMP" />
    <result column="expired_time" property="expiredTime" jdbcType="TIMESTAMP" />
    <result column="sent_time" property="sentTime" jdbcType="TIMESTAMP" />
    <result column="sent_result" property="sentResult" jdbcType="VARCHAR" />
    <result column="created_time" property="createdTime" jdbcType="TIMESTAMP" />
    <result column="created_by" property="createdBy" jdbcType="VARCHAR" />
    <result column="DataChange_LastTime" property="datachangeLasttime" jdbcType="TIMESTAMP" />
  </resultMap>
  <sql id="Example_Where_Clause" >
    <!--
      WARNING - @mbggenerated
      This element is automatically generated by MyBatis Generator, do not modify.
      This element was generated on Mon Aug 10 15:03:32 CST 2015.
    -->
    <where >
      <foreach collection="oredCriteria" item="criteria" separator="or" >
        <if test="criteria.valid" >
          <trim prefix="(" suffix=")" prefixOverrides="and" >
            <foreach collection="criteria.criteria" item="criterion" >
              <choose >
                <when test="criterion.noValue" >
                  and ${criterion.condition}
                </when>
                <when test="criterion.singleValue" >
                  and ${criterion.condition} #{criterion.value}
                </when>
                <when test="criterion.betweenValue" >
                  and ${criterion.condition} #{criterion.value} and #{criterion.secondValue}
                </when>
                <when test="criterion.listValue" >
                  and ${criterion.condition}
                  <foreach collection="criterion.value" item="listItem" open="(" close=")" separator="," >
                    #{listItem}
                  </foreach>
                </when>
              </choose>
            </foreach>
          </trim>
        </if>
      </foreach>
    </where>
  </sql>
  <sql id="Update_By_Example_Where_Clause" >
    <!--
      WARNING - @mbggenerated
      This element is automatically generated by MyBatis Generator, do not modify.
      This element was generated on Mon Aug 10 15:03:32 CST 2015.
    -->
    <where >
      <foreach collection="example.oredCriteria" item="criteria" separator="or" >
        <if test="criteria.valid" >
          <trim prefix="(" suffix=")" prefixOverrides="and" >
            <foreach collection="criteria.criteria" item="criterion" >
              <choose >
                <when test="criterion.noValue" >
                  and ${criterion.condition}
                </when>
                <when test="criterion.singleValue" >
                  and ${criterion.condition} #{criterion.value}
                </when>
                <when test="criterion.betweenValue" >
                  and ${criterion.condition} #{criterion.value} and #{criterion.secondValue}
                </when>
                <when test="criterion.listValue" >
                  and ${criterion.condition}
                  <foreach collection="criterion.value" item="listItem" open="(" close=")" separator="," >
                    #{listItem}
                  </foreach>
                </when>
              </choose>
            </foreach>
          </trim>
        </if>
      </foreach>
    </where>
  </sql>
  <sql id="Base_Column_List" >
    <!--
      WARNING - @mbggenerated
      This element is automatically generated by MyBatis Generator, do not modify.
      This element was generated on Mon Aug 10 15:03:32 CST 2015.
    -->
    id, sms_message_template_id, mobiles, priority, state, immediate, schedule_time, 
    expired_time, sent_time, sent_result, created_time, created_by, DataChange_LastTime
  </sql>
  <select id="selectByExample" resultMap="BaseResultMap" parameterType="com.dcf.iqunxing.message2.entity.SmsMessageExample" >
    <!--
      WARNING - @mbggenerated
      This element is automatically generated by MyBatis Generator, do not modify.
      This element was generated on Mon Aug 10 15:03:32 CST 2015.
    -->
    select
    <if test="distinct" >
      distinct
    </if>
    <include refid="Base_Column_List" />
    from sms_message
    <if test="_parameter != null" >
      <include refid="Example_Where_Clause" />
    </if>
    <if test="orderByClause != null" >
      order by ${orderByClause}
    </if>
    <if test="limitStart != null and limitStart>=0" >
      limit #{limitStart} , #{limitEnd}
    </if>
  </select>
  <select id="selectByPrimaryKey" resultMap="BaseResultMap" parameterType="java.lang.Long" >
    <!--
      WARNING - @mbggenerated
      This element is automatically generated by MyBatis Generator, do not modify.
      This element was generated on Mon Aug 10 15:03:32 CST 2015.
    -->
    select 
    <include refid="Base_Column_List" />
    from sms_message
    where id = #{id,jdbcType=BIGINT}
  </select>
  <delete id="deleteByPrimaryKey" parameterType="java.lang.Long" >
    <!--
      WARNING - @mbggenerated
      This element is automatically generated by MyBatis Generator, do not modify.
      This element was generated on Mon Aug 10 15:03:32 CST 2015.
    -->
    delete from sms_message
    where id = #{id,jdbcType=BIGINT}
  </delete>
  <delete id="deleteByExample" parameterType="com.dcf.iqunxing.message2.entity.SmsMessageExample" >
    <!--
      WARNING - @mbggenerated
      This element is automatically generated by MyBatis Generator, do not modify.
      This element was generated on Mon Aug 10 15:03:32 CST 2015.
    -->
    delete from sms_message
    <if test="_parameter != null" >
      <include refid="Example_Where_Clause" />
    </if>
  </delete>
  <insert id="insert" useGeneratedKeys="true" keyProperty="id" parameterType="com.dcf.iqunxing.message2.entity.SmsMessage" >
    <!--
      WARNING - @mbggenerated
      This element is automatically generated by MyBatis Generator, do not modify.
      This element was generated on Mon Aug 10 15:03:32 CST 2015.
    -->
    insert into sms_message (id, sms_message_template_id, mobiles, 
      priority, state, immediate, 
      schedule_time, expired_time, sent_time, 
      sent_result, created_time, created_by, 
      DataChange_LastTime)
    values (#{id,jdbcType=BIGINT}, #{smsMessageTemplateId,jdbcType=BIGINT}, #{mobiles,jdbcType=VARCHAR}, 
      #{priority,jdbcType=TINYINT}, #{state,jdbcType=TINYINT}, #{immediate,jdbcType=TINYINT}, 
      #{scheduleTime,jdbcType=TIMESTAMP}, #{expiredTime,jdbcType=TIMESTAMP}, #{sentTime,jdbcType=TIMESTAMP}, 
      #{sentResult,jdbcType=VARCHAR}, #{createdTime,jdbcType=TIMESTAMP}, #{createdBy,jdbcType=VARCHAR}, 
      #{datachangeLasttime,jdbcType=TIMESTAMP})
  </insert>
  <insert id="insertSelective" useGeneratedKeys="true" keyProperty="id" parameterType="com.dcf.iqunxing.message2.entity.SmsMessage" >
    <!--
      WARNING - @mbggenerated
      This element is automatically generated by MyBatis Generator, do not modify.
      This element was generated on Mon Aug 10 15:03:32 CST 2015.
    -->
    insert into sms_message
    <trim prefix="(" suffix=")" suffixOverrides="," >
      <if test="id != null" >
        id,
      </if>
      <if test="smsMessageTemplateId != null" >
        sms_message_template_id,
      </if>
      <if test="mobiles != null" >
        mobiles,
      </if>
      <if test="priority != null" >
        priority,
      </if>
      <if test="state != null" >
        state,
      </if>
      <if test="immediate != null" >
        immediate,
      </if>
      <if test="scheduleTime != null" >
        schedule_time,
      </if>
      <if test="expiredTime != null" >
        expired_time,
      </if>
      <if test="sentTime != null" >
        sent_time,
      </if>
      <if test="sentResult != null" >
        sent_result,
      </if>
      <if test="createdTime != null" >
        created_time,
      </if>
      <if test="createdBy != null" >
        created_by,
      </if>
      <if test="datachangeLasttime != null" >
        DataChange_LastTime,
      </if>
    </trim>
    <trim prefix="values (" suffix=")" suffixOverrides="," >
      <if test="id != null" >
        #{id,jdbcType=BIGINT},
      </if>
      <if test="smsMessageTemplateId != null" >
        #{smsMessageTemplateId,jdbcType=BIGINT},
      </if>
      <if test="mobiles != null" >
        #{mobiles,jdbcType=VARCHAR},
      </if>
      <if test="priority != null" >
        #{priority,jdbcType=TINYINT},
      </if>
      <if test="state != null" >
        #{state,jdbcType=TINYINT},
      </if>
      <if test="immediate != null" >
        #{immediate,jdbcType=TINYINT},
      </if>
      <if test="scheduleTime != null" >
        #{scheduleTime,jdbcType=TIMESTAMP},
      </if>
      <if test="expiredTime != null" >
        #{expiredTime,jdbcType=TIMESTAMP},
      </if>
      <if test="sentTime != null" >
        #{sentTime,jdbcType=TIMESTAMP},
      </if>
      <if test="sentResult != null" >
        #{sentResult,jdbcType=VARCHAR},
      </if>
      <if test="createdTime != null" >
        #{createdTime,jdbcType=TIMESTAMP},
      </if>
      <if test="createdBy != null" >
        #{createdBy,jdbcType=VARCHAR},
      </if>
      <if test="datachangeLasttime != null" >
        #{datachangeLasttime,jdbcType=TIMESTAMP},
      </if>
    </trim>
  </insert>
  <select id="countByExample" parameterType="com.dcf.iqunxing.message2.entity.SmsMessageExample" resultType="java.lang.Integer" >
    <!--
      WARNING - @mbggenerated
      This element is automatically generated by MyBatis Generator, do not modify.
      This element was generated on Mon Aug 10 15:03:32 CST 2015.
    -->
    select count(*) from sms_message
    <if test="_parameter != null" >
      <include refid="Example_Where_Clause" />
    </if>
  </select>
  <update id="updateByExampleSelective" parameterType="map" >
    <!--
      WARNING - @mbggenerated
      This element is automatically generated by MyBatis Generator, do not modify.
      This element was generated on Mon Aug 10 15:03:32 CST 2015.
    -->
    update sms_message
    <set >
      <if test="record.id != null" >
        id = #{record.id,jdbcType=BIGINT},
      </if>
      <if test="record.smsMessageTemplateId != null" >
        sms_message_template_id = #{record.smsMessageTemplateId,jdbcType=BIGINT},
      </if>
      <if test="record.mobiles != null" >
        mobiles = #{record.mobiles,jdbcType=VARCHAR},
      </if>
      <if test="record.priority != null" >
        priority = #{record.priority,jdbcType=TINYINT},
      </if>
      <if test="record.state != null" >
        state = #{record.state,jdbcType=TINYINT},
      </if>
      <if test="record.immediate != null" >
        immediate = #{record.immediate,jdbcType=TINYINT},
      </if>
      <if test="record.scheduleTime != null" >
        schedule_time = #{record.scheduleTime,jdbcType=TIMESTAMP},
      </if>
      <if test="record.expiredTime != null" >
        expired_time = #{record.expiredTime,jdbcType=TIMESTAMP},
      </if>
      <if test="record.sentTime != null" >
        sent_time = #{record.sentTime,jdbcType=TIMESTAMP},
      </if>
      <if test="record.sentResult != null" >
        sent_result = #{record.sentResult,jdbcType=VARCHAR},
      </if>
      <if test="record.createdTime != null" >
        created_time = #{record.createdTime,jdbcType=TIMESTAMP},
      </if>
      <if test="record.createdBy != null" >
        created_by = #{record.createdBy,jdbcType=VARCHAR},
      </if>
      <if test="record.datachangeLasttime != null" >
        DataChange_LastTime = #{record.datachangeLasttime,jdbcType=TIMESTAMP},
      </if>
    </set>
    <if test="_parameter != null" >
      <include refid="Update_By_Example_Where_Clause" />
    </if>
  </update>
  <update id="updateByExample" parameterType="map" >
    <!--
      WARNING - @mbggenerated
      This element is automatically generated by MyBatis Generator, do not modify.
      This element was generated on Mon Aug 10 15:03:32 CST 2015.
    -->
    update sms_message
    set id = #{record.id,jdbcType=BIGINT},
      sms_message_template_id = #{record.smsMessageTemplateId,jdbcType=BIGINT},
      mobiles = #{record.mobiles,jdbcType=VARCHAR},
      priority = #{record.priority,jdbcType=TINYINT},
      state = #{record.state,jdbcType=TINYINT},
      immediate = #{record.immediate,jdbcType=TINYINT},
      schedule_time = #{record.scheduleTime,jdbcType=TIMESTAMP},
      expired_time = #{record.expiredTime,jdbcType=TIMESTAMP},
      sent_time = #{record.sentTime,jdbcType=TIMESTAMP},
      sent_result = #{record.sentResult,jdbcType=VARCHAR},
      created_time = #{record.createdTime,jdbcType=TIMESTAMP},
      created_by = #{record.createdBy,jdbcType=VARCHAR},
      DataChange_LastTime = #{record.datachangeLasttime,jdbcType=TIMESTAMP}
    <if test="_parameter != null" >
      <include refid="Update_By_Example_Where_Clause" />
    </if>
  </update>
  <update id="updateByPrimaryKeySelective" parameterType="com.dcf.iqunxing.message2.entity.SmsMessage" >
    <!--
      WARNING - @mbggenerated
      This element is automatically generated by MyBatis Generator, do not modify.
      This element was generated on Mon Aug 10 15:03:32 CST 2015.
    -->
    update sms_message
    <set >
      <if test="smsMessageTemplateId != null" >
        sms_message_template_id = #{smsMessageTemplateId,jdbcType=BIGINT},
      </if>
      <if test="mobiles != null" >
        mobiles = #{mobiles,jdbcType=VARCHAR},
      </if>
      <if test="priority != null" >
        priority = #{priority,jdbcType=TINYINT},
      </if>
      <if test="state != null" >
        state = #{state,jdbcType=TINYINT},
      </if>
      <if test="immediate != null" >
        immediate = #{immediate,jdbcType=TINYINT},
      </if>
      <if test="scheduleTime != null" >
        schedule_time = #{scheduleTime,jdbcType=TIMESTAMP},
      </if>
      <if test="expiredTime != null" >
        expired_time = #{expiredTime,jdbcType=TIMESTAMP},
      </if>
      <if test="sentTime != null" >
        sent_time = #{sentTime,jdbcType=TIMESTAMP},
      </if>
      <if test="sentResult != null" >
        sent_result = #{sentResult,jdbcType=VARCHAR},
      </if>
      <if test="createdTime != null" >
        created_time = #{createdTime,jdbcType=TIMESTAMP},
      </if>
      <if test="createdBy != null" >
        created_by = #{createdBy,jdbcType=VARCHAR},
      </if>
      <if test="datachangeLasttime != null" >
        DataChange_LastTime = #{datachangeLasttime,jdbcType=TIMESTAMP},
      </if>
    </set>
    where id = #{id,jdbcType=BIGINT}
  </update>
  <update id="updateByPrimaryKey" parameterType="com.dcf.iqunxing.message2.entity.SmsMessage" >
    <!--
      WARNING - @mbggenerated
      This element is automatically generated by MyBatis Generator, do not modify.
      This element was generated on Mon Aug 10 15:03:32 CST 2015.
    -->
    update sms_message
    set sms_message_template_id = #{smsMessageTemplateId,jdbcType=BIGINT},
      mobiles = #{mobiles,jdbcType=VARCHAR},
      priority = #{priority,jdbcType=TINYINT},
      state = #{state,jdbcType=TINYINT},
      immediate = #{immediate,jdbcType=TINYINT},
      schedule_time = #{scheduleTime,jdbcType=TIMESTAMP},
      expired_time = #{expiredTime,jdbcType=TIMESTAMP},
      sent_time = #{sentTime,jdbcType=TIMESTAMP},
      sent_result = #{sentResult,jdbcType=VARCHAR},
      created_time = #{createdTime,jdbcType=TIMESTAMP},
      created_by = #{createdBy,jdbcType=VARCHAR},
      DataChange_LastTime = #{datachangeLasttime,jdbcType=TIMESTAMP}
    where id = #{id,jdbcType=BIGINT}
  </update>
</mapper>