<?xml version="1.0" encoding="UTF-8" ?>
<!DOCTYPE mapper PUBLIC "-//mybatis.org//DTD Mapper 3.0//EN" "http://mybatis.org/dtd/mybatis-3-mapper.dtd" >
<mapper namespace="com.dcf.iqunxing.message2.dao.SmsMessageTemplateMapper" >
  <resultMap id="BaseResultMap" type="com.dcf.iqunxing.message2.entity.SmsMessageTemplate" >
    <!--
      WARNING - @mbggenerated
      This element is automatically generated by MyBatis Generator, do not modify.
      This element was generated on Mon Feb 22 15:04:21 CST 2016.
    -->
    <id column="id" property="id" jdbcType="BIGINT" />
    <result column="name" property="name" jdbcType="VARCHAR" />
    <result column="content" property="content" jdbcType="VARCHAR" />
    <result column="priority" property="priority" jdbcType="TINYINT" />
    <result column="type" property="type" jdbcType="SMALLINT" />
    <result column="state" property="state" jdbcType="TINYINT" />
    <result column="channel" property="channel" jdbcType="TINYINT" />
    <result column="description" property="description" jdbcType="VARCHAR" />
    <result column="created_time" property="createdTime" jdbcType="TIMESTAMP" />
    <result column="created_by" property="createdBy" jdbcType="VARCHAR" />
    <result column="updated_time" property="updatedTime" jdbcType="TIMESTAMP" />
    <result column="updated_by" property="updatedBy" jdbcType="VARCHAR" />
    <result column="deleted_time" property="deletedTime" jdbcType="TIMESTAMP" />
    <result column="deleted_by" property="deletedBy" jdbcType="VARCHAR" />
    <result column="deleted" property="deleted" jdbcType="TINYINT" />
    <result column="datachange_lasttime" property="datachangeLasttime" jdbcType="TIMESTAMP" />
  </resultMap>
  <sql id="Example_Where_Clause" >
    <!--
      WARNING - @mbggenerated
      This element is automatically generated by MyBatis Generator, do not modify.
      This element was generated on Mon Feb 22 15:04:21 CST 2016.
    -->
    <where >
      <foreach collection="oredCriteria" item="criteria" separator="or" >
        <if test="criteria.valid" >
          <trim prefix="(" suffix=")" prefixOverrides="and" >
            <foreach collection="criteria.criteria" item="criterion" >
              <choose >
                <when test="criterion.noValue" >
                  and ${criterion.condition}
                </when>
                <when test="criterion.singleValue" >
                  and ${criterion.condition} #{criterion.value}
                </when>
                <when test="criterion.betweenValue" >
                  and ${criterion.condition} #{criterion.value} and #{criterion.secondValue}
                </when>
                <when test="criterion.listValue" >
                  and ${criterion.condition}
                  <foreach collection="criterion.value" item="listItem" open="(" close=")" separator="," >
                    #{listItem}
                  </foreach>
                </when>
              </choose>
            </foreach>
          </trim>
        </if>
      </foreach>
    </where>
  </sql>
  <sql id="Update_By_Example_Where_Clause" >
    <!--
      WARNING - @mbggenerated
      This element is automatically generated by MyBatis Generator, do not modify.
      This element was generated on Mon Feb 22 15:04:21 CST 2016.
    -->
    <where >
      <foreach collection="example.oredCriteria" item="criteria" separator="or" >
        <if test="criteria.valid" >
          <trim prefix="(" suffix=")" prefixOverrides="and" >
            <foreach collection="criteria.criteria" item="criterion" >
              <choose >
                <when test="criterion.noValue" >
                  and ${criterion.condition}
                </when>
                <when test="criterion.singleValue" >
                  and ${criterion.condition} #{criterion.value}
                </when>
                <when test="criterion.betweenValue" >
                  and ${criterion.condition} #{criterion.value} and #{criterion.secondValue}
                </when>
                <when test="criterion.listValue" >
                  and ${criterion.condition}
                  <foreach collection="criterion.value" item="listItem" open="(" close=")" separator="," >
                    #{listItem}
                  </foreach>
                </when>
              </choose>
            </foreach>
          </trim>
        </if>
      </foreach>
    </where>
  </sql>
  <sql id="Base_Column_List" >
    <!--
      WARNING - @mbggenerated
      This element is automatically generated by MyBatis Generator, do not modify.
      This element was generated on Mon Feb 22 15:04:21 CST 2016.
    -->
    id, name, content, priority, type, state, channel, description, created_time, created_by, 
    updated_time, updated_by, deleted_time, deleted_by, deleted, datachange_lasttime
  </sql>
  <select id="selectByExample" resultMap="BaseResultMap" parameterType="com.dcf.iqunxing.message2.entity.SmsMessageTemplateExample" >
    <!--
      WARNING - @mbggenerated
      This element is automatically generated by MyBatis Generator, do not modify.
      This element was generated on Mon Feb 22 15:04:21 CST 2016.
    -->
    select
    <if test="distinct" >
      distinct
    </if>
    <include refid="Base_Column_List" />
    from sms_message_template
    <if test="_parameter != null" >
      <include refid="Example_Where_Clause" />
    </if>
    <if test="orderByClause != null" >
      order by ${orderByClause}
    </if>
    <if test="limitStart != null and limitStart>=0" >
      limit #{limitStart} , #{limitEnd}
    </if>
  </select>
  <select id="selectByPrimaryKey" resultMap="BaseResultMap" parameterType="java.lang.Long" >
    <!--
      WARNING - @mbggenerated
      This element is automatically generated by MyBatis Generator, do not modify.
      This element was generated on Mon Feb 22 15:04:21 CST 2016.
    -->
    select 
    <include refid="Base_Column_List" />
    from sms_message_template
    where id = #{id,jdbcType=BIGINT}
  </select>
  <delete id="deleteByPrimaryKey" parameterType="java.lang.Long" >
    <!--
      WARNING - @mbggenerated
      This element is automatically generated by MyBatis Generator, do not modify.
      This element was generated on Mon Feb 22 15:04:21 CST 2016.
    -->
    delete from sms_message_template
    where id = #{id,jdbcType=BIGINT}
  </delete>
  <delete id="deleteByExample" parameterType="com.dcf.iqunxing.message2.entity.SmsMessageTemplateExample" >
    <!--
      WARNING - @mbggenerated
      This element is automatically generated by MyBatis Generator, do not modify.
      This element was generated on Mon Feb 22 15:04:21 CST 2016.
    -->
    delete from sms_message_template
    <if test="_parameter != null" >
      <include refid="Example_Where_Clause" />
    </if>
  </delete>
  <insert id="insert" parameterType="com.dcf.iqunxing.message2.entity.SmsMessageTemplate" >
    <!--
      WARNING - @mbggenerated
      This element is automatically generated by MyBatis Generator, do not modify.
      This element was generated on Mon Feb 22 15:04:21 CST 2016.
    -->
    <selectKey resultType="java.lang.Long" keyProperty="id" order="AFTER" >
      SELECT LAST_INSERT_ID()
    </selectKey>
    insert into sms_message_template (name, content, priority, 
      type, state, channel, 
      description, created_time, created_by, 
      updated_time, updated_by, deleted_time, 
      deleted_by, deleted, datachange_lasttime
      )
    values (#{name,jdbcType=VARCHAR}, #{content,jdbcType=VARCHAR}, #{priority,jdbcType=TINYINT}, 
      #{type,jdbcType=SMALLINT}, #{state,jdbcType=TINYINT}, #{channel,jdbcType=TINYINT}, 
      #{description,jdbcType=VARCHAR}, #{createdTime,jdbcType=TIMESTAMP}, #{createdBy,jdbcType=VARCHAR}, 
      #{updatedTime,jdbcType=TIMESTAMP}, #{updatedBy,jdbcType=VARCHAR}, #{deletedTime,jdbcType=TIMESTAMP}, 
      #{deletedBy,jdbcType=VARCHAR}, #{deleted,jdbcType=TINYINT}, #{datachangeLasttime,jdbcType=TIMESTAMP}
      )
  </insert>
  <insert id="insertSelective" parameterType="com.dcf.iqunxing.message2.entity.SmsMessageTemplate" >
    <!--
      WARNING - @mbggenerated
      This element is automatically generated by MyBatis Generator, do not modify.
      This element was generated on Mon Feb 22 15:04:21 CST 2016.
    -->
    <selectKey resultType="java.lang.Long" keyProperty="id" order="AFTER" >
      SELECT LAST_INSERT_ID()
    </selectKey>
    insert into sms_message_template
    <trim prefix="(" suffix=")" suffixOverrides="," >
      <if test="name != null" >
        name,
      </if>
      <if test="content != null" >
        content,
      </if>
      <if test="priority != null" >
        priority,
      </if>
      <if test="type != null" >
        type,
      </if>
      <if test="state != null" >
        state,
      </if>
      <if test="channel != null" >
        channel,
      </if>
      <if test="description != null" >
        description,
      </if>
      <if test="createdTime != null" >
        created_time,
      </if>
      <if test="createdBy != null" >
        created_by,
      </if>
      <if test="updatedTime != null" >
        updated_time,
      </if>
      <if test="updatedBy != null" >
        updated_by,
      </if>
      <if test="deletedTime != null" >
        deleted_time,
      </if>
      <if test="deletedBy != null" >
        deleted_by,
      </if>
      <if test="deleted != null" >
        deleted,
      </if>
      <if test="datachangeLasttime != null" >
        datachange_lasttime,
      </if>
    </trim>
    <trim prefix="values (" suffix=")" suffixOverrides="," >
      <if test="name != null" >
        #{name,jdbcType=VARCHAR},
      </if>
      <if test="content != null" >
        #{content,jdbcType=VARCHAR},
      </if>
      <if test="priority != null" >
        #{priority,jdbcType=TINYINT},
      </if>
      <if test="type != null" >
        #{type,jdbcType=SMALLINT},
      </if>
      <if test="state != null" >
        #{state,jdbcType=TINYINT},
      </if>
      <if test="channel != null" >
        #{channel,jdbcType=TINYINT},
      </if>
      <if test="description != null" >
        #{description,jdbcType=VARCHAR},
      </if>
      <if test="createdTime != null" >
        #{createdTime,jdbcType=TIMESTAMP},
      </if>
      <if test="createdBy != null" >
        #{createdBy,jdbcType=VARCHAR},
      </if>
      <if test="updatedTime != null" >
        #{updatedTime,jdbcType=TIMESTAMP},
      </if>
      <if test="updatedBy != null" >
        #{updatedBy,jdbcType=VARCHAR},
      </if>
      <if test="deletedTime != null" >
        #{deletedTime,jdbcType=TIMESTAMP},
      </if>
      <if test="deletedBy != null" >
        #{deletedBy,jdbcType=VARCHAR},
      </if>
      <if test="deleted != null" >
        #{deleted,jdbcType=TINYINT},
      </if>
      <if test="datachangeLasttime != null" >
        #{datachangeLasttime,jdbcType=TIMESTAMP},
      </if>
    </trim>
  </insert>
  <select id="countByExample" parameterType="com.dcf.iqunxing.message2.entity.SmsMessageTemplateExample" resultType="java.lang.Integer" >
    <!--
      WARNING - @mbggenerated
      This element is automatically generated by MyBatis Generator, do not modify.
      This element was generated on Mon Feb 22 15:04:21 CST 2016.
    -->
    select count(*) from sms_message_template
    <if test="_parameter != null" >
      <include refid="Example_Where_Clause" />
    </if>
  </select>
  <update id="updateByExampleSelective" parameterType="map" >
    <!--
      WARNING - @mbggenerated
      This element is automatically generated by MyBatis Generator, do not modify.
      This element was generated on Mon Feb 22 15:04:21 CST 2016.
    -->
    update sms_message_template
    <set >
      <if test="record.id != null" >
        id = #{record.id,jdbcType=BIGINT},
      </if>
      <if test="record.name != null" >
        name = #{record.name,jdbcType=VARCHAR},
      </if>
      <if test="record.content != null" >
        content = #{record.content,jdbcType=VARCHAR},
      </if>
      <if test="record.priority != null" >
        priority = #{record.priority,jdbcType=TINYINT},
      </if>
      <if test="record.type != null" >
        type = #{record.type,jdbcType=SMALLINT},
      </if>
      <if test="record.state != null" >
        state = #{record.state,jdbcType=TINYINT},
      </if>
      <if test="record.channel != null" >
        channel = #{record.channel,jdbcType=TINYINT},
      </if>
      <if test="record.description != null" >
        description = #{record.description,jdbcType=VARCHAR},
      </if>
      <if test="record.createdTime != null" >
        created_time = #{record.createdTime,jdbcType=TIMESTAMP},
      </if>
      <if test="record.createdBy != null" >
        created_by = #{record.createdBy,jdbcType=VARCHAR},
      </if>
      <if test="record.updatedTime != null" >
        updated_time = #{record.updatedTime,jdbcType=TIMESTAMP},
      </if>
      <if test="record.updatedBy != null" >
        updated_by = #{record.updatedBy,jdbcType=VARCHAR},
      </if>
      <if test="record.deletedTime != null" >
        deleted_time = #{record.deletedTime,jdbcType=TIMESTAMP},
      </if>
      <if test="record.deletedBy != null" >
        deleted_by = #{record.deletedBy,jdbcType=VARCHAR},
      </if>
      <if test="record.deleted != null" >
        deleted = #{record.deleted,jdbcType=TINYINT},
      </if>
      <if test="record.datachangeLasttime != null" >
        datachange_lasttime = #{record.datachangeLasttime,jdbcType=TIMESTAMP},
      </if>
    </set>
    <if test="_parameter != null" >
      <include refid="Update_By_Example_Where_Clause" />
    </if>
  </update>
  <update id="updateByExample" parameterType="map" >
    <!--
      WARNING - @mbggenerated
      This element is automatically generated by MyBatis Generator, do not modify.
      This element was generated on Mon Feb 22 15:04:21 CST 2016.
    -->
    update sms_message_template
    set id = #{record.id,jdbcType=BIGINT},
      name = #{record.name,jdbcType=VARCHAR},
      content = #{record.content,jdbcType=VARCHAR},
      priority = #{record.priority,jdbcType=TINYINT},
      type = #{record.type,jdbcType=SMALLINT},
      state = #{record.state,jdbcType=TINYINT},
      channel = #{record.channel,jdbcType=TINYINT},
      description = #{record.description,jdbcType=VARCHAR},
      created_time = #{record.createdTime,jdbcType=TIMESTAMP},
      created_by = #{record.createdBy,jdbcType=VARCHAR},
      updated_time = #{record.updatedTime,jdbcType=TIMESTAMP},
      updated_by = #{record.updatedBy,jdbcType=VARCHAR},
      deleted_time = #{record.deletedTime,jdbcType=TIMESTAMP},
      deleted_by = #{record.deletedBy,jdbcType=VARCHAR},
      deleted = #{record.deleted,jdbcType=TINYINT},
      datachange_lasttime = #{record.datachangeLasttime,jdbcType=TIMESTAMP}
    <if test="_parameter != null" >
      <include refid="Update_By_Example_Where_Clause" />
    </if>
  </update>
  <update id="updateByPrimaryKeySelective" parameterType="com.dcf.iqunxing.message2.entity.SmsMessageTemplate" >
    <!--
      WARNING - @mbggenerated
      This element is automatically generated by MyBatis Generator, do not modify.
      This element was generated on Mon Feb 22 15:04:21 CST 2016.
    -->
    update sms_message_template
    <set >
      <if test="name != null" >
        name = #{name,jdbcType=VARCHAR},
      </if>
      <if test="content != null" >
        content = #{content,jdbcType=VARCHAR},
      </if>
      <if test="priority != null" >
        priority = #{priority,jdbcType=TINYINT},
      </if>
      <if test="type != null" >
        type = #{type,jdbcType=SMALLINT},
      </if>
      <if test="state != null" >
        state = #{state,jdbcType=TINYINT},
      </if>
      <if test="channel != null" >
        channel = #{channel,jdbcType=TINYINT},
      </if>
      <if test="description != null" >
        description = #{description,jdbcType=VARCHAR},
      </if>
      <if test="createdTime != null" >
        created_time = #{createdTime,jdbcType=TIMESTAMP},
      </if>
      <if test="createdBy != null" >
        created_by = #{createdBy,jdbcType=VARCHAR},
      </if>
      <if test="updatedTime != null" >
        updated_time = #{updatedTime,jdbcType=TIMESTAMP},
      </if>
      <if test="updatedBy != null" >
        updated_by = #{updatedBy,jdbcType=VARCHAR},
      </if>
      <if test="deletedTime != null" >
        deleted_time = #{deletedTime,jdbcType=TIMESTAMP},
      </if>
      <if test="deletedBy != null" >
        deleted_by = #{deletedBy,jdbcType=VARCHAR},
      </if>
      <if test="deleted != null" >
        deleted = #{deleted,jdbcType=TINYINT},
      </if>
      <if test="datachangeLasttime != null" >
        datachange_lasttime = #{datachangeLasttime,jdbcType=TIMESTAMP},
      </if>
    </set>
    where id = #{id,jdbcType=BIGINT}
  </update>
  <update id="updateByPrimaryKey" parameterType="com.dcf.iqunxing.message2.entity.SmsMessageTemplate" >
    <!--
      WARNING - @mbggenerated
      This element is automatically generated by MyBatis Generator, do not modify.
      This element was generated on Mon Feb 22 15:04:21 CST 2016.
    -->
    update sms_message_template
    set name = #{name,jdbcType=VARCHAR},
      content = #{content,jdbcType=VARCHAR},
      priority = #{priority,jdbcType=TINYINT},
      type = #{type,jdbcType=SMALLINT},
      state = #{state,jdbcType=TINYINT},
      channel = #{channel,jdbcType=TINYINT},
      description = #{description,jdbcType=VARCHAR},
      created_time = #{createdTime,jdbcType=TIMESTAMP},
      created_by = #{createdBy,jdbcType=VARCHAR},
      updated_time = #{updatedTime,jdbcType=TIMESTAMP},
      updated_by = #{updatedBy,jdbcType=VARCHAR},
      deleted_time = #{deletedTime,jdbcType=TIMESTAMP},
      deleted_by = #{deletedBy,jdbcType=VARCHAR},
      deleted = #{deleted,jdbcType=TINYINT},
      datachange_lasttime = #{datachangeLasttime,jdbcType=TIMESTAMP}
    where id = #{id,jdbcType=BIGINT}
  </update>
</mapper>