<?xml version="1.0" encoding="UTF-8"?>
<beans xmlns="http://www.springframework.org/schema/beans"
	xmlns:xsi="http://www.w3.org/2001/XMLSchema-instance" xmlns:camel="http://camel.apache.org/schema/spring"
	xmlns:jdbc="http://www.springframework.org/schema/jdbc"
	xmlns:spring-security="http://www.springframework.org/schema/security"
	xmlns:context="http://www.springframework.org/schema/context"
	xmlns:cxf="http://camel.apache.org/schema/cxf" xmlns:broker="http://activemq.apache.org/schema/core"
	xmlns:aop="http://www.springframework.org/schema/aop" xmlns:p="http://www.springframework.org/schema/p"
	xmlns:mvc="http://www.springframework.org/schema/mvc"
	xmlns:task="http://www.springframework.org/schema/task" xmlns:cache="http://www.springframework.org/schema/cache"
	xmlns:util="http://www.springframework.org/schema/util"
	xsi:schemaLocation="
       http://www.springframework.org/schema/beans
       http://www.springframework.org/schema/beans/spring-beans.xsd
       http://www.springframework.org/schema/jdbc
       http://www.springframework.org/schema/jdbc/spring-jdbc.xsd
       http://www.springframework.org/schema/context
       http://www.springframework.org/schema/context/spring-context.xsd
	   http://www.springframework.org/schema/aop
	   http://www.springframework.org/schema/aop/spring-aop-3.1.xsd
       http://www.springframework.org/schema/mvc  
       http://www.springframework.org/schema/mvc/spring-mvc-3.0.xsd
       http://www.springframework.org/schema/cache
       http://www.springframework.org/schema/cache/spring-cache-3.1.xsd
       http://www.springframework.org/schema/util http://www.springframework.org/schema/util/spring-util-3.1.xsd">

	<bean id="hessianHandlerAdapter" class="org.springframework.web.servlet.mvc.HttpRequestHandlerAdapter" />  

	<bean name="/messageJobService" class="org.springframework.remoting.caucho.HessianServiceExporter">
    	<property name="service" ref="messageJobService"/>
    	<property name="serviceInterface" value="com.dcf.iqunxing.message2.service.IMessageJobService"/>
	</bean>

	<bean name="/smsService" class="org.springframework.remoting.caucho.HessianServiceExporter">
    	<property name="service" ref="smsService"/>
    	<property name="serviceInterface" value="com.dcf.iqunxing.message2.service.ISmsService"/>
	</bean>
	
	<bean name="/emailService" class="org.springframework.remoting.caucho.HessianServiceExporter">
    	<property name="service" ref="emailService"/>
    	<property name="serviceInterface" value="com.dcf.iqunxing.message2.service.IEmailService"/>
	</bean>
	
	<bean name="/pushService" class="org.springframework.remoting.caucho.HessianServiceExporter">
    	<property name="service" ref="pushService"/>
    	<property name="serviceInterface" value="com.dcf.iqunxing.message2.service.IPushService"/>
	</bean>
	
	<bean name="/siteMsgService" class="org.springframework.remoting.caucho.HessianServiceExporter">
    	<property name="service" ref="siteMsgService"/>
    	<property name="serviceInterface" value="com.dcf.iqunxing.message2.service.ISiteMsgService"/>
	</bean>
	
		<bean name="/templateService" class="org.springframework.remoting.caucho.HessianServiceExporter">
    	<property name="service" ref="templateService"/>
    	<property name="serviceInterface" value="com.dcf.iqunxing.message2.service.ITemplateService"/>
	</bean>
</beans>